question,scratch,answer
A waiter had some customers. After 9 customers left he still had 12 customers. How many customers did he have at the start? Equation: <equation> ( 9.0 + 12.0 )</equation> ,<scratch> Adding 9 and 2 at digit level. Current carry is 0; 9 plus 2 plus carry gives 11; new carry is 1; result is 1.  Adding 0 and 1 at digit level. Current carry is 1; 0 plus 1 plus carry gives 2; new carry is NaN; result is 2. The overall result is 21</scratch>,21
6 birds were sitting on the fence. 4 more birds and 8 more storks came to join them. How many birds are sitting on the fence? Equation: <equation> ( 6.0 + 4.0 )</equation> ,<scratch> Adding 6 and 4 at digit level. Current carry is 0; 6 plus 4 plus carry gives 10; new carry is 0; result is 0.  Adding 0 and 8 at digit level. Current carry is 0; 0 plus 8 plus carry gives 8; new carry is NaN; result is 8. The overall result is 18</scratch>,18
In a school there are 732 girls and 761 boys. 682 more girls and 8 more boys joined the school. How many girls are there in the school now? Equation: <equation> ( 732.0 + 682.0 )</equation> ,<scratch> Adding 732 and 682 at digit level. Current carry is 0; 732 plus 682 plus carry gives 1414; new carry is 0; result is 4. The overall result is 1414</scratch>,1414
Baker made 121 cakes. He sold 105 of them and bought 170 new cakes. How many cakes does baker still have? Equation: <equation> ( ( 121.0 - 105.0 ) + 170.0 )</equation> ,<scratch> Subtracting 105 and 121 at digit level. Current carry is 0; 105 minus 121 plus carry gives -16; new carry is 1; result is 6.  Adding 6 and 170 at digit level. Current carry is 1; 6 plus 170 plus carry gives 176; new carry is NaN; result is 6. The overall result is 182</scratch>,182
Because of the decision Sofia asked the students to suggest specific types of food from a total of 66 choices. If 450 students suggested adding mashed potatoes 38 suggested adding bacon to the menu and the rest did not participate How many students participated in the suggestion of new food items? Equation: <equation> ( 450.0 + 38.0 )</equation> ,<scratch> Adding 450 and 38 at digit level. Current carry is 0; 450 plus 38 plus carry gives 488; new carry is 0; result is 8. The overall result is 488</scratch>,488
A grocery store had 49 bottles of regular soda, 40 bottles of diet soda and 6 bottles of lite soda. How many bottles of regular soda and diet soda did they have altogether? Equation: <equation> ( 40.0 + 49.0 )</equation> ,<scratch> Adding 40 and 49 at digit level. Current carry is 0; 40 plus 49 plus carry gives 89; new carry is NaN; result is 9. The overall result is 99</scratch>,99
Dan has $ 4. He bought a candy bar for $ 8. Then his friend have him $ 5 How much money is left? Equation: <equation> ( ( 4.0 - 8.0 ) + 5.0 )</equation> ,<scratch> Subtracting 8 from 4 at digit level. Current carry is 0; 4 minus 8 plus carry gives -4; new carry is 0; result is -4.  Adding 0 and 5 at digit level. Current carry is 0; 0 plus 5 plus carry gives 5; new carry is NaN; result is 5. The overall result is 1</scratch>,1
After eating a hearty meal they went to see the Buckingham palace. There, Rachel learned that 703 visitors came to the Buckingham palace on the previous day. If there were 246 visitors on that day How many visited the Buckingham palace within 25 days? Equation: <equation> ( 246.0 + 703.0 )</equation> ,<scratch> Adding 246 and 703 at digit level. Current carry is 0; 246 plus 703 plus carry gives 949; new carry is 0; result is 9. The overall result is 949</scratch>,949
Jack received 4 emails in the morning, 5 emails in the afternoon and 8 emails in the evening. How many emails did Jack receive in the afternoon and evening? Equation: <equation> ( 5.0 + 8.0 )</equation> ,<scratch> Adding 5 and 8 at digit level. Current carry is 0; 5 plus 8 plus carry gives 13; new carry is 0; result is 3. The overall result is 13</scratch>,13
Julia played tag with 12 kids on monday. She played tag with 14 kids on tuesday. She spent a total of 34 hours to play tag on both days. How many kids did she play with altogether? Equation: <equation> ( 12.0 + 14.0 )</equation> ,<scratch> Adding 12 and 14 at digit level. Current carry is 0; 12 plus 14 plus carry gives 26; new carry is 0; result is 6. The overall result is 26</scratch>,26
A waiter had 12 customers. After some left he still had 14 customers. Then he got 10 new customers How many customers does he have now? Equation: <equation> ( 14.0 + 10.0 )</equation> ,<scratch> Adding 14 and 10 at digit level. Current carry is 0; 14 plus 10 plus carry gives 24; new carry is 0; result is 4. The overall result is 24</scratch>,24
A farmer had 90 tomatoes in his garden. If he picked 154 of them yesterday and 50 today. How many tomatoes did he pick in all? Equation: <equation> ( 154.0 + 50.0 )</equation> ,<scratch> Adding 154 and 50 at digit level. Current carry is 0; 154 plus 50 plus carry gives 204; new carry is 0; result is 4. The overall result is 204</scratch>,204
5 red peaches, 14 yellow peaches and 6 green peaches are in the basket. How many green and yellow peaches are in the basket? Equation: <equation> ( 6.0 + 14.0 )</equation> ,<scratch> Adding 6 and 14 at digit level. Current carry is 0; 6 plus 14 plus carry gives 20; new carry is 0; result is 0. The overall result is 20</scratch>,20
A waiter had 12 customers. While 15 customers left he got 14 new customers. How many customers does he still have? Equation: <equation> ( ( 12.0 - 15.0 ) + 14.0 )</equation> ,<scratch> Subtracting 15 and 12 at digit level. Current carry is 0; 15 minus 12 plus carry gives 3; new carry is 0; result is 3.  Adding 3 and 14 at digit level. Current carry is 0; 3 plus 14 plus carry gives 17; new carry is NaN; result is 17. The overall result is 17</scratch>,17
Olivia spent 78 dollars at a supermarket. If she has 33 dollars left with her How much money did she have initially? Equation: <equation> ( 78.0 + 33.0 )</equation> ,<scratch> Adding 78 and 33 at digit level. Current carry is 0; 7 plus 3 plus carry gives 10; new carry is 1; result is 0.  Adding 8 and 3 at digit level. Current carry is 1; 8 plus 3 plus carry gives 11; new carry is 1; result is 1. The overall result is 111</scratch>,111
Jack received 3 emails and 64 letters in the morning. He then received 5 emails and 54 letters in the afternoon. How many emails did jack receive in the day? Equation: <equation> ( 3.0 + 5.0 )</equation> ,<scratch> Adding 3 and 5 at digit level. Current carry is 0; 3 plus 5 plus carry gives 8; new carry is 0; result is 8. The overall result is 8</scratch>,8
Paco had 40 cookies. He ate 2 of them. Then he bought 37 more cookies How many cookies did Paco have left? Equation: <equation> ( ( 40.0 - 2.0 ) + 37.0 )</equation> ,<scratch> Subtracting 2 from 40 at digit level. Current carry is 0; 40 minus 2 plus carry gives 38; new carry is 0; result is 38.  Adding 37 and 38 at digit level. Current carry is 0; 37 plus 38 plus carry gives 75; new carry is 0; result is 75. The overall result is 75</scratch>,75
Because of the decision Sofia asked the students to suggest specific types of food. If 218 students suggested adding mashed potatoes as well as bacon while 351 suggested adding only bacon to the menu How many students suggested adding bacon? Equation: <equation> ( 218.0 + 351.0 )</equation> ,<scratch> Adding 218 and 351 at digit level. Current carry is 0; 218 plus 351 plus carry gives 569; new carry is 0; result is 9. The overall result is 569</scratch>,569
Allan brought 5 balloons and Jake brought 4 balloons to the park. Allan then bought 3 more balloons at the park. How many balloons did Allan bring to the park? Equation: <equation> ( 5.0 + 3.0 )</equation> ,<scratch> Adding 5 and 3 at digit level. Current carry is 0; 5 plus 3 plus carry gives 8; new carry is NaN; result is 8. The overall result is 8</scratch>,8
The grasshopper, the frog and the mouse had a jumping contest. The grasshopper jumped 19 inches. The frog jumped 10 inches farther than the grasshopper and the mouse jumped 20 inches farther than the frog. How much farther did the mouse jump than the grasshopper? Equation: <equation> ( 10.0 + 20.0 )</equation> ,<scratch> Adding 10 and 20 at digit level. Current carry is 0; 10 plus 20 plus carry gives 30; new carry is NaN; result is 3. The overall result is 30</scratch>,30
Allan brought 3 balloons and Jake brought 5 balloons to the park. Allan then bought 2 more balloons at the park. How many balloons did Allan and Jake have in the park? Equation: <equation> ( ( 3.0 + 5.0 ) + 2.0 )</equation> ,<scratch> Adding 3 and 5 at digit level. Current carry is 0; 3 plus 5 plus carry gives 8; new carry is 0; result is 8.  Adding 0 and 2 at digit level. Current carry is 0; 0 plus 2 plus carry gives 2; new carry is NaN; result is 2. The overall result is 10</scratch>,10
Last week Fred had 47 dollars and Jason had 99 dollars. Over the weekend Fred delivered newspapers earning 111 dollars and washed cars earning 34 dollars. How much money does Fred have now? Equation: <equation> ( ( 47.0 + 111.0 ) + 34.0 )</equation> ,<scratch> Adding 47 and 111 at digit level. Current carry is 0; 47 plus 111 plus carry gives 158; new carry is 0; result is 8.  Adding 8 and 34 at digit level. Current carry is 0; 8 plus 34 plus carry gives 42; new carry is 0; result is 2. The overall result is 150</scratch>,150
A book has 3 chapters. The first chapter is 66 pages long the second chapter is 35 pages long and the third chapter is 24 pages long. How many pages does the book have altogether? Equation: <equation> ( ( 66.0 + 35.0 ) + 24.0 )</equation> ,<scratch> Adding 66 and 35 at digit level. Current carry is 0; 66 plus 35 plus carry gives 101; new carry is 1; result is 1.  Adding 1 and 24 at digit level. Current carry is 1; 1 plus 24 plus carry gives 26; new carry is NaN; result is 6. The overall result is 107</scratch>,107
7 red peaches, 15 yellow peaches and 8 green peaches are in the basket. How many peaches are in the basket? Equation: <equation> ( ( 7.0 + 15.0 ) + 8.0 )</equation> ,<scratch> Adding 7 and 15 at digit level. Current carry is 0; 7 plus 15 plus carry gives 22; new carry is 0; result is 2.  Adding 0 and 8 at digit level. Current carry is 0; 0 plus 8 plus carry gives 8; new carry is NaN; result is 8. The overall result is 30</scratch>,30
In a school there are 135 girls and 214 boys. 496 more girls and 910 more boys joined the school. How many boys are there in the school now? Equation: <equation> ( 214.0 + 910.0 )</equation> ,<scratch> Adding 214 and 910 at digit level. Current carry is 0; 214 plus 910 plus carry gives 1124; new carry is 0; result is 4. The overall result is 1124</scratch>,1124
Carol was sending out birthday invitations to her friends. Each package of invitations she bought had 14 invitations in it and she bought 6 packs. Then she bought 11 extra invitations. How many friends can she invite? Equation: <equation> ( ( 14.0 * 6.0 ) + 11.0 )</equation> ,<scratch> Multiplying 14 and 6 at digit level. Current carry is 0; 14 times 6 plus carry gives 84; new carry is 0; result is 84.  Adding 11 at digit level. Current carry is 0; 11 plus 0 plus carry gives 11; new carry is NaN; result is 11. The overall result is 95</scratch>,95
During summer break 644997 kids from Lawrence county stayed home and the other 893835 kids went to camp. An additional 78 kids from outside the county attended the camp. How many kids are in Lawrence county? Equation: <equation> ( 893835.0 + 644997.0 )</equation> ,<scratch> Adding 893835 and 644997 at digit level. Current carry is 0; 893835 plus 644997 plus carry gives 1538832; new carry is 0; result is 2. The overall result is 1538832</scratch>,1538832
Jack received 6 emails in the morning, 3 emails in the afternoon and 5 emails in the evening. How many emails did Jack receive in the day? Equation: <equation> ( ( 6.0 + 3.0 ) + 5.0 )</equation> ,<scratch> Adding 6 and 3 at digit level. Current carry is 0; 6 plus 3 plus carry gives 9; new carry is 0; result is 9.  Adding 9 and 5 at digit level. Current carry is 0; 9 plus 5 plus carry gives 14; new carry is 0; result is 14. The overall result is 14</scratch>,14
For the walls of the house he would use 13 large planks of wood. If each plank of wood needs 17 pieces of nails to be secured and in addition 8 nails are needed for some smaller planks. How many nails does John need for the house wall? Equation: <equation> ( ( 13.0 * 17.0 ) + 8.0 )</equation> ,<scratch> Multiplying 13 and 17 at digit level. Current carry is 0; 13 multiplied by 17 plus carry gives 221; new carry is 0; result is 221.  Adding 0 and 8 at digit level. Current carry is 0; 0 plus 8 plus carry gives 8; new carry is NaN; result is 8. The overall result is 229</scratch>,229
A grocery store had 4 bottles of diet soda. If they had 79 more bottles of regular soda than diet soda How many bottles of regular soda did they have? Equation: <equation> ( 4.0 + 79.0 )</equation> ,<scratch> Adding 4 and 79 at digit level. Current carry is 0; 4 plus 79 plus carry gives 83; new carry is NaN; result is 3. The overall result is 83</scratch>,83
Rachel had to complete 8 pages of math homework, 7 pages of reading homework and 3 more pages of biology homework. How many pages of math and biology homework did she have to complete? Equation: <equation> ( 8.0 + 3.0 )</equation> ,<scratch> Adding 8 and 3 at digit level. Current carry is 0; 8 plus 3 plus carry gives 11; new carry is 1; result is 1. The overall result is 11</scratch>,11
Helen the hippo and her friends are preparing for thanksgiving at Helen's house. Helen baked 31 cookies yesterday 270 cookies this morning and 419 cookies the day before yesterday. How many cookies did Helen bake till last night? Equation: <equation> ( 31.0 + 419.0 )</equation> ,<scratch> Adding 31 and 419 at digit level. Current carry is 0; 31 plus 419 plus carry gives 450; new carry is 0; result is 0. The overall result is 450</scratch>,450
Helen the hippo and her friends are preparing for thanksgiving at Helen's house. Helen baked 144 chocolate chip cookies and 397 raisin cookies yesterday. And she baked 85 raisin cookies and 403 chocolate chip cookies this morning. How many raisin cookies did Helen bake? Equation: <equation> ( 397.0 + 85.0 )</equation> ,<scratch> Adding 397 and 85 at digit level. Current carry is 0; 397 plus 85 plus carry gives 482; new carry is 0; result is 2. The overall result is 482</scratch>,482
Rachel picked 2 ripe apples from her tree. Now the tree has 7 apples still on it. If 6 of those are ripe and the rest are unripe How many ripe apples did the tree have to begin with? Equation: <equation> ( 2.0 + 6.0 )</equation> ,<scratch> Adding 2 and 6 at digit level. Current carry is 0; 2 plus 6 plus carry gives 8; new carry is NaN; result is 8. The overall result is 8</scratch>,8
Randy has some blocks. He uses 52 blocks to build a tower. If there are 38 blocks left How many blocks did he have at the start? Equation: <equation> ( 52.0 + 38.0 )</equation> ,<scratch> Adding 52 and 38 at digit level. Current carry is 0; 52 plus 38 plus carry gives 90; new carry is 0; result is 9. The overall result is 90</scratch>,90
They decided to hold the party in their backyard. They have 12 sets of tables and each set has 14 chairs. There are also 6 chairs extra. How many chairs do they have for the guests? Equation: <equation> ( ( 12.0 * 14.0 ) + 6.0 )</equation> ,<scratch> Multiplying 12 and 14 at digit level. Current carry is 0; 12 multiplied by 14 plus carry gives 168; new carry is 0; result is 168.  Adding 6 at digit level. Current carry is 0; 6 plus 0 plus carry gives 6; new carry is NaN; result is 6. The overall result is 174</scratch>,174
Winter is almost here and most animals are migrating to warmer countries. There are 3 bird families living near the mountain. 26 new bird families came to live near the mountain from the arctic while 2 bird families flew away further south for winter. How many bird families were left near the mountain? Equation: <equation> ( ( 3.0 - 2.0 ) + 26.0 )</equation> ,<scratch> Subtracting 2 and 3 at digit level. Current carry is 0; 2 minus 3 plus carry gives -1; new carry is 1; result is 1.  Adding 1 and 26 at digit level. Current carry is 1; 1 plus 26 plus carry gives 28; new carry is NaN; result is 8. The overall result is 28</scratch>,28
Rachel had to complete 10 pages of math homework. If she had to complete 3 more pages of reading homework than math homework How many pages did she have to complete in all? Equation: <equation> ( ( 10.0 + 10.0 ) + 3.0 )</equation> ,<scratch> Adding 10 and 10 at digit level. Current carry is 0; 10 plus 10 plus carry gives 20; new carry is 0; result is 20.  Adding 0 and 3 at digit level. Current carry is 0; 0 plus 3 plus carry gives 3; new carry is NaN; result is 3. The overall result is 23</scratch>,23
In a school there are 700 girls and the rest are boys. If there are 142 more boys than girls How many pupils are there in that school? Equation: <equation> ( ( 700.0 + 700.0 ) + 142.0 )</equation> ,<scratch> Adding 700 and 700 at digit level. Current carry is 0; 700 plus 700 plus carry gives 1400; new carry is 0; result is 1400.  Adding 1400 and 142 at digit level. Current carry is 0; 1400 plus 142 plus carry gives 1542; new carry is 0; result is 1542. The overall result is 1542</scratch>,1542
Lucy went to the grocery store. She bought 2 packs of cookie and 12 packs of cake. In the end she had 56 amount of change remaining. How many packs of groceries did she buy in all? Equation: <equation> ( 2.0 + 12.0 )</equation> ,<scratch> Adding 2 and 12 at digit level. Current carry is 0; 2 plus 12 plus carry gives 14; new carry is 0; result is 4. The overall result is 14</scratch>,14
Marco and his dad went strawberry picking. His strawberries weighed 8 pounds while his dad's strawberries weighed 32 pounds. Together how much did their strawberries weigh? Equation: <equation> ( 8.0 + 32.0 )</equation> ,<scratch> Adding 8 and 32 at digit level. Current carry is 0; 8 plus 32 plus carry gives 40; new carry is 0; result is 4. The overall result is 40</scratch>,40
Kelly gives away 91 nintendo games. How many did she have initially if she still has 92 games left? Equation: <equation> ( 91.0 + 92.0 )</equation> ,<scratch> Adding 91 and 92 at digit level. Current carry is 0; 91 plus 92 plus carry gives 183; new carry is 0; result is 3. The overall result is 183</scratch>,183
Robin has 43 packages of gum. There are 23 pieces in each package. Robin has 8 extra pieces of gum. How many pieces of gum does Robin have? Equation: <equation> ( ( 43.0 * 23.0 ) + 8.0 )</equation> ,<scratch> Multiplying 43 and 23 at digit level. Current carry is 0; 43 multiplied by 23 plus carry gives 989; new carry is 0; result is 989.  Adding 8 at digit level. Current carry is 0; 8 plus 0 plus carry gives 8; new carry is NaN; result is 8. The overall result is 997</scratch>,997
For the walls of the house he would use 12 large planks of wood and 17 small planks. If each large plank of wood needs 14 pieces of nails to be secured and each small plank needs 25 nails. How many planks does John need for the house wall? Equation: <equation> ( 12.0 + 17.0 )</equation> ,<scratch> Adding 12 and 17 at digit level. Current carry is 0; 12 plus 17 plus carry gives 29; new carry is 0; result is 9. The overall result is 29</scratch>,29
Baker made some cakes. He sold 145 of them. If he still has 72 cakes left How many cakes did baker make? Equation: <equation> ( 145.0 + 72.0 )</equation> ,<scratch> Adding 145 and 72 at digit level. Current carry is 0; 145 plus 72 plus carry gives 217; new carry is 0; result is 7. The overall result is 217</scratch>,217
Jessie currently weighs 9 kilograms. After she started to go jogging everyday she lost 62 kilograms in the first week and 140 kilograms in the second week. How much did she weigh before starting to jog? Equation: <equation> ( ( 9.0 + 62.0 ) + 140.0 )</equation> ,<scratch> Adding 9 and 62 at digit level. Current carry is 0; 9 plus 62 plus carry gives 71; new carry is 0; result is 1.  Adding 1 and 140 at digit level. Current carry is 0; 1 plus 140 plus carry gives 141; new carry is 1; result is 1. The overall result is 211</scratch>,211
13 campers went rowing and 59 campers went hiking in the morning. 21 campers went rowing in the afternoon. How many campers went rowing in all? Equation: <equation> ( 13.0 + 21.0 )</equation> ,<scratch> Adding 13 and 21 at digit level. Current carry is 0; 13 plus 21 plus carry gives 34; new carry is 0; result is 4. The overall result is 34</scratch>,34
Josh had 22 marbles in his collection. He found 13 marbles ones while he lost 5 marbles. How many marbles does he have now? Equation: <equation> ( ( 22.0 - 5.0 ) + 13.0 )</equation> ,<scratch> Subtracting 5 from 22 at digit level. Current carry is 0; 22 minus 5 plus carry gives 17; new carry is NaN; result is 17.  Adding 13 to 17 at digit level. Current carry is NaN; 13 plus 17 plus carry gives 30; new carry is NaN; result is 30. The overall result is 30</scratch>,30
For the walls of the house he would use 12 large planks of wood and 10 small planks. If large planks together need 15 pieces of nails to be secured and small planks together need 5 nails. How many nails does John need for the house wall? Equation: <equation> ( 15.0 + 5.0 )</equation> ,<scratch> Adding 15 and 5 at digit level. Current carry is 0; 15 plus 5 plus carry gives 20; new carry is NaN; result is 0. The overall result is 20</scratch>,20
After eating a hearty meal they went to see the Buckingham palace. There were 71 paintings in the Buckingham palace. There, Rachel learned that 557 visitors came to the Buckingham palace that day. If there were 188 visitors the previous day How many visited the Buckingham palace within 57 days? Equation: <equation> ( 557.0 + 188.0 )</equation> ,<scratch> Adding 557 and 188 at digit level. Current carry is 0; 5 plus 8 plus carry gives 13; new carry is 1; result is 3.  Adding 5 and 1 plus carry gives 6; new carry is 1; result is 6. The overall result is 745</scratch>,745
Julia played tag with 17 kids on monday, 15 kids on tuesday and 2 kids on wednesday. How many kids did she play with altogether? Equation: <equation> ( ( 17.0 + 15.0 ) + 2.0 )</equation> ,<scratch> Adding 17 and 15 at digit level. Current carry is 0; 17 plus 15 plus carry gives 32; new carry is 0; result is 2.  Adding 2 and 0 at digit level. Current carry is 0; 2 plus 0 plus carry gives 2; new carry is NaN; result is 2. The overall result is 34</scratch>,34
The grasshopper, the frog and the mouse had a jumping contest. The grasshopper jumped 25 inches. The frog jumped 18 inches farther than the grasshopper and the mouse jumped 2 inches farther than the frog. How far did the mouse jump? Equation: <equation> ( ( 25.0 + 18.0 ) + 2.0 )</equation> ,<scratch> Adding 25 and 18 at digit level. Current carry is 0; 25 plus 18 plus carry gives 43; new carry is 0; result is 4.  Adding 0 and 2 at digit level. Current carry is 0; 0 plus 2 plus carry gives 2; new carry is NaN; result is 2. The overall result is 45</scratch>,45
Jake has 13 more apples and 17 fewer peaches than Steven. Steven has 8 peaches and 12 apples. How many apples does Jake have? Equation: <equation> ( 13.0 + 12.0 )</equation> ,<scratch> Adding 13 and 12 at digit level. Current carry is 0; 13 plus 12 plus carry gives 25; new carry is 0; result is 5. The overall result is 25</scratch>,25
Last week Fred had 86 dollars and Jason had 5 dollars. Fred washed cars over the weekend and now has 9 dollars and Jason did not work. How much money do they have together now? Equation: <equation> ( 5.0 + 9.0 )</equation> ,<scratch> Adding 5 and 9 at digit level. Current carry is 0; 5 plus 9 plus carry gives 14; new carry is 0; result is 4. The overall result is 14</scratch>,14
Tiffany was collecting cans for recycling. On monday she had 10 bags of cans. She found 3 bags of cans on the next day and 7 bags of cans the day after that. How many bags did she have altogether? Equation: <equation> ( ( 10.0 + 3.0 ) + 7.0 )</equation> ,<scratch> Adding 10 and 3 at digit level. Current carry is 0; 10 plus 3 plus carry gives 13; new carry is 0; result is 3.  Adding 3 and 7 at digit level. Current carry is 0; 3 plus 7 plus carry gives 10; new carry is 0; result is 10. The overall result is 13</scratch>,13
The grasshopper and the frog had a jumping contest. The grasshopper jumped 31 inches and the frog jumped 35 inches. How much did they jump altogether? Equation: <equation> ( 31.0 + 35.0 )</equation> ,<scratch> Adding 31 and 35 at digit level. Current carry is 0; 31 plus 35 plus carry gives 66; new carry is 0; result is 6. The overall result is 66</scratch>,66
3 birds and 4 storks were sitting on the fence. 6 more storks came to join them. How many birds and storks are sitting on the fence? Equation: <equation> ( ( 3.0 + 4.0 ) + 6.0 )</equation> ,<scratch> Adding 3 and 4 at digit level. Current carry is 0; 3 plus 4 plus carry gives 7; new carry is 0; result is 7.  Adding 0 and 6 at digit level. Current carry is 0; 0 plus 6 plus carry gives 6; new carry is NaN; result is 6. The overall result is 13</scratch>,13
Edward spent $ 6 to buy books and $ 16 to buy pens. Now he has $ 19. How much did Edward have before he spent his money? Equation: <equation> ( ( 6.0 + 16.0 ) + 19.0 )</equation> ,<scratch> Adding 6 and 16 at digit level. Current carry is 0; 6 plus 16 plus carry gives 22; new carry is 0; result is 2.  Adding 2 and 19 at digit level. Current carry is 0; 2 plus 19 plus carry gives 21; new carry is NaN; result is 21. The overall result is 42</scratch>,42
Rachel had to complete 5 pages of math homework, 10 pages of reading homework and 6 more pages of biology homework. How many pages of reading and biology homework did she have to complete? Equation: <equation> ( 10.0 + 6.0 )</equation> ,<scratch> Adding 10 and 6 at digit level. Current carry is 0; 10 plus 6 plus carry gives 16; new carry is NaN; result is 6. The overall result is 16</scratch>,16
Haley grew some trees in her backyard. After a typhoon 5 died. If 12 trees were left How many trees did she grow? Equation: <equation> ( 5.0 + 12.0 )</equation> ,<scratch> Adding 5 and 12 at digit level. Current carry is 0; 5 plus 12 plus carry gives 17; new carry is 1; result is 7.  Adding 0 and 1 at digit level. Current carry is 1; 0 plus 1 plus carry gives 2; new carry is NaN; result is 2. The overall result is 19</scratch>,19
Helen the hippo and her friends are preparing for thanksgiving at Helen's house. Helen baked 527 chocolate chip cookies and 86 raisin cookies yesterday. And she baked 86 raisin cookies and 554 chocolate chip cookies this morning. How many chocolate chip cookies did Helen bake? Equation: <equation> ( 527.0 + 554.0 )</equation> ,<scratch> Adding 527 and 554 at digit level. Current carry is 0; 527 plus 554 plus carry gives 1081; new carry is 1; result is 1. The overall result is 1081</scratch>,1081
Marco and his dad went strawberry picking. Together they collected strawberries that weighed 22 pounds. On the way back Marco ' dad found 30 more pounds of strawberries. Marco's strawberries now weighed 36 pounds. How much did his dad's strawberries weigh now? Equation: <equation> ( ( 22.0 - 36.0 ) + 30.0 )</equation> ,<scratch> Subtracting 36 and 22 at digit level. Current carry is 0; 36 minus 22 plus carry gives 14; new carry is 0; result is 14.  Adding 14 and 30 at digit level. Current carry is 0; 14 plus 30 plus carry gives 44; new carry is 0; result is 4. The overall result is 44</scratch>,44
3 red peaches, and some more green peaches are in the basket. If there are 10 more green peaches than red peaches in the basket How many green peaches are in the basket? Equation: <equation> ( 3.0 + 10.0 )</equation> ,<scratch> Adding 3 and 10 at digit level. Current carry is 0; 3 plus 10 plus carry gives 13; new carry is NaN; result is 3. The overall result is 13</scratch>,13
At the arcade Dave had won some tickets. He used 12 tickets to buy some toys. If he still has 14 tickets left How many tickets did Dave win at the arcade? Equation: <equation> ( 12.0 + 14.0 )</equation> ,<scratch> Adding 12 and 4 at digit level. Current carry is 0; 12 plus 4 plus carry gives 16; new carry is 0; result is 6. The overall result is 26</scratch>,26
Jake has 9 fewer peaches than Steven and 18 more peaches than Jill. Steven has 16 peaches. How many more peaches does Steven have than Jill? Equation: <equation> ( 9.0 + 18.0 )</equation> ,<scratch> Jake has 16 - 9 = 7 peaches. Steven has 7 + 18 = 25 peaches. Steven has 25 - 16 = 9 more peaches than Jill.</scratch>,9
Zachary did 44 push-ups in gym class today. David did 58 more push-ups than zachary. How many push-ups did Zachary and David do altogether? Equation: <equation> ( ( 44.0 + 44.0 ) + 58.0 )</equation> ,<scratch> Adding 44 and 44 at digit level. Current carry is 0; 44 plus 44 plus carry gives 88; new carry is 0; result is 8.  Adding 0 and 58 at digit level. Current carry is 0; 0 plus 58 plus carry gives 58; new carry is NaN; result is 5. The overall result is 146</scratch>,146
Edward spent $ 4 to buy books and $ 3 to buy pens. Now he has $ 12. How much did Edward spend on books and pens? Equation: <equation> ( 4.0 + 3.0 )</equation> ,<scratch> Adding 4 and 3 at digit level. Current carry is 0; 4 plus 3 plus carry gives 7; new carry is NaN; result is 7. The overall result is 7</scratch>,7
Edward spent $ 17. Then he received $ 10 from his friend. Now he has $ 7. How much did Edward have before he spent his money? Equation: <equation> ( ( 17.0 - 10.0 ) + 7.0 )</equation> ,<scratch> Subtracting 10 from 17 at digit level. Current carry is 0; 17 minus 10 plus carry gives 7; new carry is 0; result is 7.  Adding 7 to 7 at digit level. Current carry is 0; 7 plus 7 plus carry gives 14; new carry is 0; result is 14. The overall result is 14</scratch>,14
6 red peaches, 90 yellow peaches and 16 green peaches are in the basket. How many red and green peaches are in the basket? Equation: <equation> ( 6.0 + 16.0 )</equation> ,<scratch> Adding 6 and 16 at digit level. Current carry is 0; 6 plus 16 plus carry gives 22; new carry is NaN; result is 2. The overall result is 22</scratch>,22
Robin's hair was 19 inches long. If he grew 18 more inches How long is his hair now? Equation: <equation> ( 19.0 + 18.0 )</equation> ,<scratch> Adding 19 and 18 at digit level. Current carry is 0; 19 plus 18 plus carry gives 37; new carry is NaN; result is 3. The overall result is 37</scratch>,37
In a school there are 706 girls and 222 boys. 418 more girls joined the school. How many pupils are there in the school now? Equation: <equation> ( ( 706.0 + 222.0 ) + 418.0 )</equation> ,<scratch> Adding 706 and 222 at digit level. Current carry is 0; 706 plus 222 plus carry gives 928; new carry is 0; result is 8.  Adding 0 and 8 at digit level. Current carry is 0; 0 plus 8 plus carry gives 8; new carry is NaN; result is 8. The overall result is 1056.  Adding 1056 and 418 at digit level. Current carry is 0; 1056 plus 418 plus carry gives 1474; new carry is 0; result is 4.  Adding 0 and 4 at digit level. Current carry is 0; 0 plus 4 plus carry gives 4; new carry is NaN; result is 4. The overall result is 1478</scratch>,1478
Nell collects baseball cards. She gave 301 of her cards to Jeff and now has 154 cards left.. How many cards did Nell have initially? Equation: <equation> ( 154.0 + 301.0 )</equation> ,<scratch> Adding 154 and 301 at digit level. Current carry is 0; 154 plus 301 plus carry gives 455; new carry is 0; result is 5. The overall result is 455</scratch>,455
Julia played tag with 15 kids on monday, 18 kids on tuesday and 97 kids on wednesday. How many kids did she play with on monday and tuesday? Equation: <equation> ( 15.0 + 18.0 )</equation> ,<scratch> Adding 15 and 18 at digit level. Current carry is 0; 15 plus 18 plus carry gives 33; new carry is 0; result is 3. The overall result is 33</scratch>,33
36 campers went rowing in the morning 13 campers went rowing in the afternoon and 49 campers went rowing in the evening. How many campers went rowing in all? Equation: <equation> ( ( 36.0 + 13.0 ) + 49.0 )</equation> ,<scratch> Adding 36 and 13 at digit level. Current carry is 0; 36 plus 13 plus carry gives 49; new carry is 0; result is 9.  Adding 9 and 49 at digit level. Current carry is 0; 9 plus 49 plus carry gives 58; new carry is 0; result is 8. The overall result is 88</scratch>,88
Allan brought 7 balloons and 5 balls while Jake brought 6 balloons and 4 balls to the park. How many balls did Allan and Jake have in the park? Equation: <equation> ( 5.0 + 4.0 )</equation> ,<scratch> Adding 5 and 4 at digit level. Current carry is 0; 5 plus 4 plus carry gives 9; new carry is NaN; result is 9. The overall result is 9</scratch>,9
There were 10 roses in the vase. Jessica cut 8 more roses from her flower garden and put them in the vase. How many roses are there in the vase now? Equation: <equation> ( 10.0 + 8.0 )</equation> ,<scratch> Adding 10 and 8 at digit level. Current carry is 0; 10 plus 8 plus carry gives 18; new carry is NaN; result is 8. The overall result is 18</scratch>,18
Bobby ate 33 pieces of candy. Then he ate 4 more. He also ate 14 pieces of chocolate. How many pieces of candy and chocolate did Bobby eat altogether? Equation: <equation> ( ( 33.0 + 4.0 ) + 14.0 )</equation> ,<scratch> Adding 33 and 4 at digit level. Current carry is 0; 33 plus 4 plus carry gives 37; new carry is 0; result is 7.  Adding 7 and 14 at digit level. Current carry is 0; 7 plus 14 plus carry gives 21; new carry is 0; result is 1. The overall result is 21</scratch>,21
Rachel had to complete 8 pages of math homework. If she had to complete 6 more pages of reading homework than math homework How many pages of reading homework did she have to complete? Equation: <equation> ( 8.0 + 6.0 )</equation> ,<scratch> Adding 8 and 6 at digit level. Current carry is 0; 8 plus 6 plus carry gives 14; new carry is NaN; result is 4. The overall result is 14</scratch>,14
Jack received 6 emails and sent 91 letters in the morning. He then received 2 emails and sent 74 letters in the afternoon. How many emails did Jack receive in the day? Equation: <equation> ( 6.0 + 2.0 )</equation> ,<scratch> Adding 6 and 2 at digit level. Current carry is 0; 6 plus 2 plus carry gives 8; new carry is 0; result is 8. The overall result is 8</scratch>,8
Katie had 91 ds games and her new friends had 88 games and old friends had 53 games. How many games do her friends have in all? Equation: <equation> ( 88.0 + 53.0 )</equation> ,<scratch> Adding 88 and 53 at digit level. Current carry is 0; 8 plus 3 plus carry gives 11; new carry is 1; result is 1.  Adding 8 and 5 at digit level. Current carry is 1; 8 plus 5 plus carry gives 13; new carry is 1; result is 3. The overall result is 14</scratch>,14
Paul got a box of some crayons for his birthday. During the school year he gave 52 crayons to his friends while he lost 535 crayons. If he only had 492 crayons left How many crayons had been lost or given away? Equation: <equation> ( 52.0 + 535.0 )</equation> ,<scratch> Adding 52 and 535 at digit level. Current carry is 0; 52 plus 535 plus carry gives 1087; new carry is 7; result is 7. The overall result is 1094</scratch>,1094
4 birds and 46 storks were sitting on the fence. 6 more birds came to join them. How many birds are sitting on the fence? Equation: <equation> ( 4.0 + 6.0 )</equation> ,<scratch> Adding 4 and 6 at digit level. Current carry is 0; 4 plus 6 plus carry gives 10; new carry is 0; result is 10. The overall result is 10</scratch>,10
41 campers went rowing and 4 campers went hiking in the morning. 26 campers went rowing in the afternoon. How many campers went rowing and hiking in all? Equation: <equation> ( ( 41.0 + 26.0 ) + 4.0 )</equation> ,<scratch> Adding 41 and 26 at digit level. Current carry is 0; 41 plus 26 plus carry gives 67; new carry is 0; result is 67.  Adding 67 and 4 at digit level. Current carry is 0; 67 plus 4 plus carry gives 71; new carry is NaN; result is 71. The overall result is 71</scratch>,71
Zachary did 19 push-ups in gym class today. David did 39 more push-ups than Zachary. John did 13 push-ups less than david. How many push-ups did David do? Equation: <equation> ( 19.0 + 39.0 )</equation> ,Failed to get answer,no answer
The ring toss game at the carnival made 382 dollars in the first 44 days and 374 dollars in the remaining 10 days. How much did they make in all? Equation: <equation> ( 382.0 + 374.0 )</equation> ,<scratch> Adding 382 and 374 at digit level. Current carry is 0; 382 plus 374 plus carry gives 756; new carry is 0; result is 6. The overall result is 756</scratch>,756
Bobby had 20 pieces of candy. He ate 34 pieces of candy. Then he ate 18 more. How many pieces of candy did Bobby eat? Equation: <equation> ( 34.0 + 18.0 )</equation> ,<scratch> Adding 34 and 18 at digit level. Current carry is 0; 34 plus 18 plus carry gives 52; new carry is 0; result is 2. The overall result is 52</scratch>,52
Julia played tag with 5 kids on monday, 9 kids on tuesday and 15 kids on wednesday. How many kids did she play with on monday and wednesday? Equation: <equation> ( 5.0 + 15.0 )</equation> ,<scratch> Adding 5 and 15 at digit level. Current carry is 0; 5 plus 15 plus carry gives 20; new carry is NaN; result is 0. The overall result is 20</scratch>,20
Tiffany was collecting cans for recycling. On monday she had 8 bags of cans. She found 10 bags of cans on the next day and 4 bags of cans the day after that. How many bags did she find after monday? Equation: <equation> ( 10.0 + 4.0 )</equation> ,<scratch> Adding 10 and 4 at digit level. Current carry is 0; 10 plus 4 plus carry gives 14; new carry is 0; result is 4. The overall result is 14</scratch>,14
There were 73 parents, 724 pupils and 744 teachers in the program. How many people were present in the program? Equation: <equation> ( ( 73.0 + 724.0 ) + 744.0 )</equation> ,<scratch> Adding 73 and 724 at digit level. Current carry is 0; 73 plus 724 plus carry gives 797; new carry is 0; result is 97.  Adding 97 and 744 at digit level. Current carry is 0; 97 plus 744 plus carry gives 841; new carry is 0; result is 41. The overall result is 841</scratch>,841
At the stop 8 more people got on the train. Initially there were 11 people on the train. How many people are there on the train now? Equation: <equation> ( 11.0 + 8.0 )</equation> ,<scratch> Adding 11 and 8 at digit level. Current carry is 0; 11 plus 8 plus carry gives 19; new carry is 0; result is 9. The overall result is 19</scratch>,19
There are 65 baskets of peaches. Each basket has 7 red peaches and 3 green peaches. How many peaches are in each basket? Equation: <equation> ( 7.0 + 3.0 )</equation> ,<scratch> Adding 7 and 3 at digit level. Current carry is 0; 7 plus 3 plus carry gives 10; new carry is 0; result is 10. The overall result is 10</scratch>,10
Winter is almost here and most animals are migrating to warmer countries. There are 49 bird families living near the mountain. 59 bird families flew away for winter and 24 new bird families came to live near the mountain from the arctic. How many bird families were left near the mountain? Equation: <equation> ( ( 49.0 - 59.0 ) + 24.0 )</equation> ,<scratch> Subtracting 59 and 49 at digit level. Current carry is 0; 59 minus 49 plus carry gives 10; new carry is 0; result is 10.  Adding 10 and 24 at digit level. Current carry is 0; 10 plus 24 plus carry gives 34; new carry is NaN; result is 34. The overall result is 34</scratch>,34
Josh had some marbles in his collection. He lost 21 marbles. If he has 12 marbles now How many marbles did he have in his collection? Equation: <equation> ( 21.0 + 12.0 )</equation> ,<scratch> Adding 21 and 12 at digit level. Current carry is 0; 21 plus 12 plus carry gives 33; new carry is 0; result is 3. The overall result is 33</scratch>,33
Jessie currently weighs 27 kilograms. After she started to go jogging everyday she lost 101 kilograms. How much did she weigh before starting to jog? Equation: <equation> ( 27.0 + 101.0 )</equation> ,<scratch> Adding 27 and 101 at digit level. Current carry is 0; 27 plus 101 plus carry gives 128; new carry is 0; result is 8. The overall result is 128</scratch>,128
Dan has $ 3 left with him after he bought a candy bar for $ 2. How much money did he have initially? Equation: <equation> ( 3.0 + 2.0 )</equation> ,<scratch> Adding 3 and 2 at digit level. Current carry is 0; 3 plus 2 plus carry gives 5; new carry is NaN; result is 5. The overall result is 5</scratch>,5
Zachary did 53 push-ups and 14 crunches in gym class today. David did 17 more push-ups but 10 less crunches than zachary. How many push-ups and crunches did Zachary do? Equation: <equation> ( 53.0 + 14.0 )</equation> ,<scratch> David did 53 + 17 = 70 push-ups. David did 14 - 10 = 4 crunches. Zachary did 70 + 4 = 74 push-ups and crunches.</scratch>,74
Tiffany was collecting cans for recycling. On monday she had 3 bags of cans. The next day she found 7 more bags of cans and 44 bags of bottles. How many bags of cans did she have altogether? Equation: <equation> ( 3.0 + 7.0 )</equation> ,<scratch> Adding 3 and 7 at digit level. Current carry is 0; 3 plus 7 plus carry gives 10; new carry is 0; result is 10. The overall result is 10</scratch>,10
Every day Ryan spends 6 hours on learning english 7 hours on learning chinese and 3 hours on learning spanish. How many hours does he spend on learning english, chinese and spanish in all? Equation: <equation> ( ( 6.0 + 7.0 ) + 3.0 )</equation> ,<scratch> Adding 6 and 7 at digit level. Current carry is 0; 6 plus 7 plus carry gives 13; new carry is 0; result is 3.  Adding 3 and 0 at digit level. Current carry is 0; 3 plus 0 plus carry gives 3; new carry is NaN; result is 3. The overall result is 16</scratch>,16
In a school there are 635 girls and the rest are boys. If there are 510 more boys than girls How many boys are there in that school? Equation: <equation> ( 635.0 + 510.0 )</equation> ,<scratch> Adding 635 and 510 at digit level. Current carry is 0; 6 plus 5 plus carry gives 11; new carry is 1; result is 1.  Adding 3 and 1 at digit level. Current carry is 1; 3 plus 1 plus carry gives 4; new carry is NaN; result is 4. The overall result is 1145</scratch>,1145
Rachel had to complete 9 pages of math homework, 11 pages of reading homework and 29 more pages of biology homework. How many pages of math and reading homework did she have to complete? Equation: <equation> ( 9.0 + 11.0 )</equation> ,<scratch> Adding 9 and 11 at digit level. Current carry is 0; 9 plus 11 plus carry gives 20; new carry is 0; result is 0. The overall result is 20</scratch>,20
Every day Ryan spends 5 hours on learning chinese and some more hours on learning english. If he spends 2 hours more on learning english than on learning chinese How many hours does he spend on learning english? Equation: <equation> ( 5.0 + 2.0 )</equation> ,<scratch> Adding 5 and 2 at digit level. Current carry is 0; 5 plus 2 plus carry gives 7; new carry is NaN; result is 7. The overall result is 7</scratch>,7
Julia played tag with 2 kids on monday, 14 kids on tuesday and 16 kids on wednesday. How many kids did she play with on tuesday and wednesday? Equation: <equation> ( 14.0 + 16.0 )</equation> ,<scratch> Adding 14 and 16 at digit level. Current carry is 0; 14 plus 16 plus carry gives 30; new carry is 0; result is 0. The overall result is 30</scratch>,30
21 children were riding on the bus. At the bus stop 10 children got off the bus while some more got on the bus. Then there were 16 children altogether on the bus. How many children got on the bus at the bus stop? Equation: <equation> ( ( 16.0 - 21.0 ) + 10.0 )</equation> ,<scratch> Subtracting 21 and 16 at digit level. Current carry is 0; 21 minus 16 plus carry gives 5; new carry is 0; result is 5.  Adding 5 and 10 at digit level. Current carry is 0; 5 plus 10 plus carry gives 15; new carry is 0; result is 15. The overall result is 15</scratch>,15
Baker made 62 cakes. Then he made 149 more cakes. He sold 144 of them. How many cakes would baker still have? Equation: <equation> ( ( 62.0 - 144.0 ) + 149.0 )</equation> ,<scratch> Subtracting 144 from 62 at digit level. Current carry is 0; 62 minus 144 plus carry gives -82; new carry is 1; result is 2.  Adding 149 and 2 at digit level. Current carry is 1; 149 plus 2 plus carry gives 151; new carry is NaN; result is 1. The overall result is 151</scratch>,151
Paul got a box of some crayons for his birthday. By the end of the school year he only had 291 crayons left since he had either lost or given away 315 of them. How many crayons did he get for his birthday? Equation: <equation> ( 315.0 + 291.0 )</equation> ,<scratch> Adding 315 and 291 at digit level. Current carry is 0; 315 plus 291 plus carry gives 606; new carry is 0; result is 6. The overall result is 606</scratch>,606
Jack received 5 emails and 6 letters in the morning. He then received 9 emails and 7 letters in the afternoon. How many letters did jack receive in the day? Equation: <equation> ( 6.0 + 7.0 )</equation> ,<scratch> Adding 6 and 7 at digit level. Current carry is 0; 6 plus 7 plus carry gives 13; new carry is 0; result is 3. The overall result is 13</scratch>,13
Ed had 10 more marbles than Doug. Doug lost 11 of his marbles at the playground. If Ed had 45 marbles How many more marbles did Ed have than Doug then? Equation: <equation> ( 10.0 + 11.0 )</equation> ,<scratch> Subtracting 11 from 45 at digit level. Current carry is 0; 45 minus 11 plus carry gives 34; new carry is NaN; result is 3. The overall result is 34</scratch>,34
Bobby ate 28 pieces of candy. Then he ate 42 more. He also ate 63 pieces of chocolate. How many pieces of candy did Bobby eat? Equation: <equation> ( 28.0 + 42.0 )</equation> ,<scratch> Adding 28 and 42 at digit level. Current carry is 0; 28 plus 42 plus carry gives 70; new carry is 0; result is 0. The overall result is 70</scratch>,70
There were 61 parents in the program and 177 pupils too. The program could seat 44 people How many people were present in the program? Equation: <equation> ( 61.0 + 177.0 )</equation> ,<scratch> Adding 61 and 177 at digit level. Current carry is 0; 61 plus 177 plus carry gives 238; new carry is 0; result is 8. The overall result is 238</scratch>,238
Every day Ryan spends 4 hours on learning english and 6 hours on learning chinese. If he learns for 86 days How many hours does he spend on learning english and chinese each day? Equation: <equation> ( 4.0 + 6.0 )</equation> ,<scratch> Adding 4 and 6 at digit level. Current carry is 0; 4 plus 6 plus carry gives 10; new carry is 0; result is 10. The overall result is 10</scratch>,10
A grocery store had 30 bottles of regular soda, 8 bottles of diet soda and 41 apples. How many bottles did they have total? Equation: <equation> ( 30.0 + 8.0 )</equation> ,<scratch> Adding 30 and 8 at digit level. Current carry is 0; 30 plus 8 plus carry gives 38; new carry is 0; result is 8.  Adding 8 and 0 at digit level. Current carry is 0; 8 plus 0 plus carry gives 8; new carry is NaN; result is 8. The overall result is 46</scratch>,46
Next on his checklist is wax to stick the feathers together. If he has 557 g of wax and right now he just needs 17 g Total how many grams of wax do the feathers require? Equation: <equation> ( 557.0 + 17.0 )</equation> ,<scratch> Adding 557 and 17 at digit level. Current carry is 0; 557 plus 17 plus carry gives 574; new carry is 0; result is 4. The overall result is 574</scratch>,574
26 children were riding on the bus. At the bus stop 38 more children got on the bus. How many children are on the bus now? Equation: <equation> ( 26.0 + 38.0 )</equation> ,<scratch> Adding 26 and 38 at digit level. Current carry is 0; 26 plus 38 plus carry gives 64; new carry is 0; result is 4. The overall result is 64</scratch>,64
Josh had 21 marbles in his collection. He found 7 marbles. How many marbles does he have now? Equation: <equation> ( 21.0 + 7.0 )</equation> ,<scratch> Adding 2 and 7 at digit level. Current carry is 0; 2 plus 7 plus carry gives 9; new carry is 0; result is 9. The overall result is 28</scratch>,28
During summer break 610769 kids from Lawrence county go to camp and the other 590796 kids stay home. An additional 22 kids from outside the county attended the camp. About how many kids are in Lawrence county? Equation: <equation> ( 610769.0 + 590796.0 )</equation> ,<scratch> Adding 610769 and 590796 at digit level. Current carry is 0; 610769 plus 590796 plus carry gives 1201565; new carry is 0; result is 5.  Adding 0 and 0 at digit level. Current carry is 0; 0 plus 0 plus carry gives 0; new carry is NaN; result is 0. The overall result is 1201565</scratch>,1201565
Robin's hair was 14 inches long. It grew by 8 inches. Then he cut off 20 inches. How long is his hair now? Equation: <equation> ( ( 14.0 - 20.0 ) + 8.0 )</equation> ,<scratch> Subtracting 20 and 14 at digit level. Current carry is 0; 20 minus 14 plus carry gives 6; new carry is 0; result is 6.  Adding 6 and 8 at digit level. Current carry is 0; 6 plus 8 plus carry gives 14; new carry is 0; result is 14. The overall result is 14</scratch>,14
Edward spent $ 16 to buy 92 books each book costing him the same amount of money. Now he has $ 6. How much did Edward have before he spent his money? Equation: <equation> ( 16.0 + 6.0 )</equation> ,<scratch> Adding 16 and 6 at digit level. Current carry is 0; 16 plus 6 plus carry gives 22; new carry is 0; result is 2. The overall result is 22</scratch>,22
During summer break 34044 kids from Lawrence county go to camp and the other 134867 kids stay home. An additional 424944 kids from outside the county attended the camp. How many kids in total attended the camp? Equation: <equation> ( 34044.0 + 424944.0 )</equation> ,<scratch> Adding 34044 and 424944 at digit level. Current carry is 0; 34044 plus 424944 plus carry gives 765002; new carry is 0; result is 2. The overall result is 765002</scratch>,765002
Jake has 13 fewer peaches and 3 more apples than Steven. Steven has 9 peaches and 8 apples. How many apples does Jake have? Equation: <equation> ( 3.0 + 8.0 )</equation> ,<scratch> Subtracting 13 from 9 at digit level. Current carry is 0; 9 minus 13 plus carry gives -4; new carry is 1; result is 4.  Adding 3 and 8 at digit level. Current carry is 1; 3 plus 8 plus carry gives 11; new carry is NaN; result is 1. The overall result is 15</scratch>,15
Josh had 22 marbles in his collection. Jack gave him 20 marbles. How many marbles does Josh have now? Equation: <equation> ( 22.0 + 20.0 )</equation> ,<scratch> Adding 2 and 0 at digit level. Current carry is 0; 2 plus 0 plus carry gives 2; new carry is 0; result is 2.  Adding 2 and 0 at digit level. Current carry is 0; 2 plus 0 plus carry gives 2; new carry is 0; result is 2. The overall result is 42</scratch>,42
Jack received 4 emails and sent 2 letters in the morning. He then received 6 emails and sent 8 letters in the afternoon. How many emails did Jack send in the day? Equation: <equation> ( 2.0 + 8.0 )</equation> ,<scratch> Adding 2 and 8 at digit level. Current carry is 0; 2 plus 8 plus carry gives 10; new carry is 0; result is 10. The overall result is 10</scratch>,10
Lucy went to the grocery store. She bought 4 packs of cookie, 22 packs of cake and 16 packs of chocolate. How many packs of groceries did she buy in all? Equation: <equation> ( ( 4.0 + 22.0 ) + 16.0 )</equation> ,<scratch> Adding 4 and 22 at digit level. Current carry is 0; 4 plus 22 plus carry gives 26; new carry is 0; result is 6.  Adding 6 and 16 at digit level. Current carry is 0; 6 plus 16 plus carry gives 22; new carry is 0; result is 2. The overall result is 28</scratch>,28
After eating a hearty meal they went to see the Buckingham palace. There, Rachel learned that 92 visitors came to the Buckingham palace that day. If there were 419 visitors the previous day and 103 visitors the day before that How many visited the Buckingham palace before that day? Equation: <equation> ( 419.0 + 103.0 )</equation> ,<scratch> Adding 419 and 103 at digit level. Current carry is 0; 419 plus 103 plus carry gives 522; new carry is 0; result is 2. The overall result is 522</scratch>,522
Rachel has 3 apple trees. She picked 8 apples from each of her trees. Now the trees have a total 9 apples still on them. How many apples were there on all trees initially? Equation: <equation> ( ( 3.0 * 8.0 ) + 9.0 )</equation> ,<scratch> Multiplying 3 and 8 at digit level. Current carry is 0; 3 times 8 plus carry gives 24; new carry is 0; result is 24.  Adding 9 and 24 at digit level. Current carry is 0; 9 plus 24 plus carry gives 33; new carry is 0; result is 33. The overall result is 33</scratch>,33
For Gwen's birthday she received some dollars. She spent 8 dollars and has 6 dollars left with her. How much money did Gwen receive for her birthday? Equation: <equation> ( 8.0 + 6.0 )</equation> ,<scratch> Adding 8 and 6 at digit level. Current carry is 0; 8 plus 6 plus carry gives 14; new carry is 0; result is 4. The overall result is 14</scratch>,14
Danny collects bottle caps. He lost 66 bottle caps at the park. Now he has 25 bottle caps in his collection. How many bottle caps did danny have at first? Equation: <equation> ( 66.0 + 25.0 )</equation> ,<scratch> Adding 66 and 25 at digit level. Current carry is 0; 66 plus 25 plus carry gives 91; new carry is 0; result is 9. The overall result is 91</scratch>,91
During summer break 907611 kids from Lawrence county stay home and the other 455682 kids go to camp. About how many kids are in Lawrence county? Equation: <equation> ( 455682.0 + 907611.0 )</equation> ,<scratch> Adding 907611 and 455682 at digit level. Current carry is 0; 9 plus 4 plus carry gives 13; new carry is 1; result is 3.  Adding 0 and 5 plus carry gives 5; new carry is 1; result is 6.  Adding 7 and 6 plus carry gives 13; new carry is 1; result is 4.  Adding 1 and 1 plus carry gives 2; new carry is NaN; result is 2. The overall result is 2263293</scratch>,2263293
Jerry had 8 action figures and 9 books on a shelf in his room. Later he added 10 more books to the shelf. How many books were on his shelf in all? Equation: <equation> ( 9.0 + 10.0 )</equation> ,<scratch> Adding 9 and 10 at digit level. Current carry is 0; 9 plus 10 plus carry gives 19; new carry is NaN; result is 9. The overall result is 19</scratch>,19
4 birds and 6 storks were sitting on the fence. 2 more storks came to join them. How many storks are sitting on the fence? Equation: <equation> ( 6.0 + 2.0 )</equation> ,<scratch> Adding 6 and 2 at digit level. Current carry is 0; 6 plus 2 plus carry gives 8; new carry is NaN; result is 8. The overall result is 8</scratch>,8
Dan has $ 4. He bought a candy bar for $ 7 and a chocolate for $ 6. How much money did he spend buying the candy bar and chocolate? Equation: <equation> ( 7.0 + 6.0 )</equation> ,<scratch> Adding 7 and 6 at digit level. Current carry is 0; 7 plus 6 plus carry gives 13; new carry is 0; result is 3. The overall result is 13</scratch>,13
Jerry had 4 action figures and 22 books on a shelf in his room. Later he added 6 more action figures to the shelf. How many action figures were on his shelf in all? Equation: <equation> ( 4.0 + 6.0 )</equation> ,<scratch> Adding 4 and 6 at digit level. Current carry is 0; 4 plus 6 plus carry gives 10; new carry is 0; result is 10. The overall result is 10</scratch>,10
Mary is baking a cake. The recipe calls for 11 cups of sugar and some more cups of flour. She already put in 3 cups of flour. If she still needs to add 6 more cups of flour How many cups of flour did the recipe require? Equation: <equation> ( 3.0 + 6.0 )</equation> ,<scratch> Adding 3 and 6 at digit level. Current carry is 0; 3 plus 6 plus carry gives 9; new carry is 0; result is 9. The overall result is 9</scratch>,9
3 birds and 2 storks were sitting on the fence. 5 more birds came to join them. How many birds and storks are sitting on the fence? Equation: <equation> ( ( 3.0 + 5.0 ) + 2.0 )</equation> ,<scratch> Adding 3 and 5 at digit level. Current carry is 0; 3 plus 5 plus carry gives 8; new carry is 0; result is 8.  Adding 0 and 2 at digit level. Current carry is 0; 0 plus 2 plus carry gives 2; new carry is NaN; result is 2. The overall result is 10</scratch>,10
Julia played tag with 7 kids on monday and 13 kids on tuesday. She played cards wtih 20 kids on wednesday. How many kids did she play tag with altogether? Equation: <equation> ( 7.0 + 13.0 )</equation> ,<scratch> Adding 7 and 13 at digit level. Current carry is 0; 7 plus 13 plus carry gives 20; new carry is 0; result is 0. The overall result is 20</scratch>,20
Robin's hair was 16 inches long. He cut off 11 inches. Then it again grew by 12 inches. How long is his hair now? Equation: <equation> ( ( 16.0 - 11.0 ) + 12.0 )</equation> ,<scratch> Subtracting 11 and 1 at digit level. Current carry is 0; 11 minus 1 minus carry gives 10; new carry is 0; result is 10.  Adding 10 and 12 at digit level. Current carry is 0; 10 plus 12 plus carry gives 22; new carry is NaN; result is 2. The overall result is 22</scratch>,22
Winter is almost here and most animals are migrating to warmer countries. There are 18 bird families living near the mountain. If 38 bird families flew away to africa and 80 bird families flew away to asia How many bird families flew away for the winter? Equation: <equation> ( 38.0 + 80.0 )</equation> ,<scratch> Adding 38 and 80 at digit level. Current carry is 0; 38 plus 80 plus carry gives 118; new carry is 0; result is 8. The overall result is 118</scratch>,118
Rachel's tree had 4 apples. She picked 2 apples from her tree. Thereafter 3 new apples grew on the tree. How many apples are there on the tree now? Equation: <equation> ( ( 4.0 - 2.0 ) + 3.0 )</equation> ,<scratch> Subtracting 2 and 4 at digit level. Current carry is 0; 2 minus 4 plus carry gives -2; new carry is 1; result is 2.  Adding 2 and 3 at digit level. Current carry is 1; 2 plus 3 plus carry gives 5; new carry is NaN; result is 5. The overall result is 5</scratch>,5
Summer is almost here and most animals are migrating back to cooler countries. There are 87 bird families living near a mountain. If 18 new bird families joined them How many bird families live near the mountain now? Equation: <equation> ( 87.0 + 18.0 )</equation> ,<scratch> Adding 87 and 18 at digit level. Current carry is 0; 87 plus 18 plus carry gives 105; new carry is 0; result is 5. The overall result is 105</scratch>,105
Randy has 58 blocks. He uses 27 blocks to build a tower and 53 blocks to build a house. How many blocks did he use to build the tower and the house altogether? Equation: <equation> ( 27.0 + 53.0 )</equation> ,<scratch> Adding 27 and 53 at digit level. Current carry is 0; 27 plus 53 plus carry gives 80; new carry is 0; result is 8. The overall result is 80</scratch>,80
He has 9 apples more than Adam and Jackie together do. Adam and Jackie have 7 apples between them. How many apples does He have? Equation: <equation> ( 7.0 + 9.0 )</equation> ,<scratch> Adding 7 and 9 at digit level. Current carry is 0; 7 plus 9 plus carry gives 16; new carry is 0; result is 6. The overall result is 16</scratch>,16
Katie had 78 new games and 86 old games. Her friends had 48 new games. How many new games do they have together? Equation: <equation> ( 78.0 + 48.0 )</equation> ,<scratch> Adding 78 and 48 at digit level. Current carry is 0; 78 plus 48 plus carry gives 126; new carry is 0; result is 6. The overall result is 126</scratch>,126
Josh had 19 marbles in his collection. He lost 11 marbles and found 5 new ones. How many marbles does he have now? Equation: <equation> ( ( 19.0 - 11.0 ) + 5.0 )</equation> ,<scratch> Subtracting 11 and 5 at digit level. Current carry is 0; 11 minus 5 plus carry gives 6; new carry is 0; result is 6.  Adding 6 and 0 at digit level. Current carry is 0; 6 plus 0 plus carry gives 6; new carry is NaN; result is 6. The overall result is 6</scratch>,6
Rachel has 52 apple trees. She picked 2 apples from 1 of her trees. Now the tree has 7 apples still on it. How many apples did the tree have to begin with? Equation: <equation> ( 2.0 + 7.0 )</equation> ,<scratch> Adding 2 and 7 at digit level. Current carry is 0; 2 plus 7 plus carry gives 9; new carry is NaN; result is 9. The overall result is 9</scratch>,9
Because of the decision Sofia asked the students to suggest specific types of food. 182 students suggested adding mashed potatoes while others suggested adding bacon to the menu. If 166 more students suggested adding bacon than those that suggested mashed potatoes How many students suggested bacon? Equation: <equation> ( 182.0 + 166.0 )</equation> ,<scratch> Adding 182 and 166 at digit level. Current carry is 0; 182 plus 166 plus carry gives 348; new carry is 0; result is 3. The overall result is 348</scratch>,348
Helen the hippo and her friends are preparing for thanksgiving at Helen's house. Helen baked 90 chocolate chip cookies yesterday and 51 raisin cookies and 484 chocolate chip cookies this morning. How many chocolate chip cookies did Helen bake? Equation: <equation> ( 90.0 + 484.0 )</equation> ,<scratch> Adding 90 and 484 at digit level. Current carry is 0; 90 plus 484 plus carry gives 574; new carry is 0; result is 4. The overall result is 574</scratch>,574
Paul got a box of 65 crayons for his birthday. During the school year he gave 213 crayons to his friends while he lost 16 crayons. How many crayons had been lost or given away? Equation: <equation> ( 213.0 + 16.0 )</equation> ,<scratch> Adding 213 and 16 at digit level. Current carry is 0; 213 plus 16 plus carry gives 229; new carry is 0; result is 9. The overall result is 235</scratch>,235
Rachel picked 7 apples from her tree. Thereafter 2 new apples grew on the tree. Now the tree has 6 apples still on it. How many apples did the tree have to begin with? Equation: <equation> ( ( 6.0 - 2.0 ) + 7.0 )</equation> ,<scratch> Subtracting 2 and 6 at digit level. Current carry is 0; 2 minus 6 plus carry gives -4; new carry is 1; result is 4.  Adding 4 and 7 at digit level. Current carry is 1; 4 plus 7 plus carry gives 12; new carry is NaN; result is 2. The overall result is 12</scratch>,12
Baker made 173 cakes. He bought 103 new cakes and sold 86 cakes. How many cakes does baker still have? Equation: <equation> ( ( 173.0 - 86.0 ) + 103.0 )</equation> ,<scratch> Subtracting 86 and 173 at digit level. Current carry is 0; 86 minus 173 plus carry gives -87; new carry is 1; result is 1.  Adding 1 and 103 at digit level. Current carry is 1; 1 plus 103 plus carry gives 105; new carry is NaN; result is 5. The overall result is 105</scratch>,105
After Jessie started to go jogging everyday she lost 126 kilograms. She currently weighs 66 kilograms. How much did she weigh before starting to jog? Equation: <equation> ( 66.0 + 126.0 )</equation> ,<scratch> Adding 66 and 126 at digit level. Current carry is 0; 66 plus 126 plus carry gives 192; new carry is 0; result is 2. The overall result is 192</scratch>,192
Paul got a box of some crayons for his birthday. By the end of the school year he had either lost or given away 551 of them and only had 177 left. How many crayons did he get for his birthday? Equation: <equation> ( 551.0 + 177.0 )</equation> ,<scratch> Adding 551 and 177 at digit level. Current carry is 0; 5 plus 7 plus carry gives 12; new carry is 1; result is 2.  Adding 5 and 1 plus carry gives 6; new carry is 1; result is 6.  Adding 0 and 1 plus carry gives 1; new carry is NaN; result is 1. The overall result is 739</scratch>,739
Jake has 11 fewer peaches than Steven. If Jake has 17 peaches. How many peaches does Steven have? Equation: <equation> ( 11.0 + 17.0 )</equation> ,<scratch> Adding 11 and 17 at digit level. Current carry is 0; 11 plus 17 plus carry gives 28; new carry is 0; result is 8. The overall result is 28</scratch>,28
If the cave is 919 feet deep and they need to travel 1307 feet How far is the end of the cave? Equation: <equation> ( 919.0 + 1307.0 )</equation> ,<scratch> Adding 919 and 1307 at digit level. Current carry is 0; 919 plus 1307 plus carry gives 2226; new carry is 0; result is 6. The overall result is 2226</scratch>,2226
Zachary did 59 push-ups and 44 crunches in gym class today. David did 19 more push-ups but 27 less crunches than zachary. How many push-ups did David do? Equation: <equation> ( 59.0 + 19.0 )</equation> ,<scratch> Subtracting 27 from 44 at digit level. Current carry is 0; 44 minus 27 plus carry gives 17; new carry is NaN; result is 17.  Adding 19 and 17 at digit level. Current carry is 0; 19 plus 17 plus carry gives 36; new carry is NaN; result is 36. The overall result is 78</scratch>,Failed to get answer
Katie had 62 new games and 80 old games. Her friends had 73 new games and 41 old games. How many old games do they have 3 Equation: <equation> ( 80.0 + 41.0 )</equation> ,<scratch> Adding 80 and 41 at digit level. Current carry is 0; 80 plus 41 plus carry gives 121; new carry is 1; result is 1. The overall result is 121</scratch>,121
Together Adam and Jackie have 12 apples. He has 9 apples more than Adam and Jackie together do. Adam has 8 more apples than Jackie. How many apples does He have? Equation: <equation> ( 12.0 + 9.0 )</equation> ,<scratch> Adding 12 and 9 at digit level. Current carry is 0; 12 plus 9 plus carry gives 21; new carry is NaN; result is 2. The overall result is 21</scratch>,21
Rachel picked 6 ripe apples from her tree. Now the tree has 2 ripe apples and 4 unripe apples. How many apples did the tree have to begin with? Equation: <equation> ( ( 6.0 + 2.0 ) + 4.0 )</equation> ,<scratch> Adding 6 and 2 at digit level. Current carry is 0; 6 plus 2 plus carry gives 8; new carry is 0; result is 8.  Adding 8 and 4 at digit level. Current carry is 0; 8 plus 4 plus carry gives 12; new carry is NaN; result is 12. The overall result is 12</scratch>,12
Ed had 24 more marbles than Doug. Doug lost 27 of his marbles at the playground while Ed found 9 more marbles. How many more marbles did Ed have than Doug then? Equation: <equation> ( ( 24.0 + 27.0 ) + 9.0 )</equation> ,<scratch> Adding 24 and 27 at digit level. Current carry is 0; 24 plus 27 plus carry gives 51; new carry is 0; result is 51.  Adding 0 and 9 at digit level. Current carry is 0; 0 plus 9 plus carry gives 9; new carry is NaN; result is 9. The overall result is 60</scratch>,60
Danny has 12 bottle caps in his collection. He found 53 bottle caps at the park. How many bottle caps does he have now? Equation: <equation> ( 12.0 + 53.0 )</equation> ,<scratch> Adding 12 and 53 at digit level. Current carry is 0; 12 plus 3 plus carry gives 15; new carry is 1; result is 5.  Adding 0 and 5 at digit level. Current carry is 1; 0 plus 5 plus carry gives 6; new carry is NaN; result is 6. The overall result is 68</scratch>,68
Rachel had to complete 2 pages of math homework, 3 pages of reading homework and 10 more pages of biology homework. How many pages did she have to complete in all? Equation: <equation> ( ( 2.0 + 3.0 ) + 10.0 )</equation> ,<scratch> Adding 2 and 3 at digit level. Current carry is 0; 2 plus 3 plus carry gives 5; new carry is 0; result is 5.  Adding 0 and 5 at digit level. Current carry is 0; 0 plus 5 plus carry gives 5; new carry is NaN; result is 5. The overall result is 15</scratch>,15
Baker made 110 cakes. He sold 75 of them. Then he made 76 more cakes. How many cakes would baker still have? Equation: <equation> ( ( 110.0 - 75.0 ) + 76.0 )</equation> ,<scratch> Subtracting 75 and 110 at digit level. Current carry is 0; 75 minus 110 plus carry gives -35; new carry is NaN; result is -35.  Adding 76 and -35 at digit level. Current carry is NaN; 76 plus -35 plus carry gives 41; new carry is NaN; result is 41. The overall result is 41</scratch>,41
Julia played tag with 14 kids on tuesday. If she played tag with 8 more kids on monday than on tuesday How many kids did she play with on monday? Equation: <equation> ( 14.0 + 8.0 )</equation> ,<scratch> Adding 14 and 8 at digit level. Current carry is 0; 14 plus 8 plus carry gives 22; new carry is NaN; result is 2. The overall result is 22</scratch>,22
Allan brought 5 balloons to the park. If Jake brought 6 more balloons than the number of balloons that Allan brought How many balloons did Jake bring to the park? Equation: <equation> ( 5.0 + 6.0 )</equation> ,<scratch> Adding 5 and 6 at digit level. Current carry is 0; 5 plus 6 plus carry gives 11; new carry is 1; result is 1. The overall result is 11</scratch>,11
18 red peaches, 14 yellow peaches and 17 green peaches are in the basket. How many red and yellow peaches are in the basket? Equation: <equation> ( 18.0 + 14.0 )</equation> ,<scratch> Adding 18 and 14 at digit level. Current carry is 0; 18 plus 14 plus carry gives 32; new carry is 0; result is 2. The overall result is 32</scratch>,32
Adam has 4 more apples than Jackie. Together Adam and Jackie have 14 apples. Bob has 6 apples more than Adam and Jackie together do. How many apples does Bob have? Equation: <equation> ( 14.0 + 6.0 )</equation> ,<scratch> Adding 4 and 14 at digit level. Current carry is 0; 4 plus 14 plus carry gives 18; new carry is 0; result is 8.  Adding 0 and 8 at digit level. Current carry is 0; 0 plus 8 plus carry gives 8; new carry is NaN; result is 8. The overall result is 22</scratch>,22
Mary is baking a cake. The recipe calls for 6 cups of flour and 13 cups of sugar. She already put in some cups of flour. If she still needs 8 more cups of flour than sugar How many more cups of flour does she need to add? Equation: <equation> ( 13.0 + 8.0 )</equation> ,<scratch> Subtracting 6 from 13 at digit level. Current carry is 0; 13 minus 6 plus carry gives 7; new carry is NaN; result is 7.  Adding 7 and 8 at digit level. Current carry is NaN; 7 plus 8 plus carry gives 15; new carry is 0; result is 5. The overall result is 15</scratch>,15
Paul got a box of some crayons for his birthday. During the school year he gave 563 crayons to his friends while he lost 558 crayons. If he only had 332 crayons left How many crayons did he get for his birthday? Equation: <equation> ( ( 563.0 + 558.0 ) + 332.0 )</equation> ,<scratch> Adding 563 and 558 at digit level. Current carry is 0; 563 plus 558 plus carry gives 1121; new carry is 1; result is 1.  Adding 1 and 3 at digit level. Current carry is 1; 1 plus 3 plus carry gives 5; new carry is NaN; result is 5. The overall result is 1126</scratch>,1126
At the stop 13 more people got on the bus. Initially there were 4 people on the bus. How many people are there on the bus now? Equation: <equation> ( 4.0 + 13.0 )</equation> ,<scratch> Adding 4 and 13 at digit level. Current carry is 0; 4 plus 13 plus carry gives 17; new carry is NaN; result is 7. The overall result is 17</scratch>,17
Paul had some books. After selling 137 in a garage sale he had 105 left. How many books did he have at the start? Equation: <equation> ( 137.0 + 105.0 )</equation> ,<scratch> Adding 137 and 105 at digit level. Current carry is 0; 137 plus 105 plus carry gives 242; new carry is 0; result is 2. The overall result is 242</scratch>,242
Last week Fred had 33 dollars and Jason had 95 dollars. Over the weekend Fred delivered newspapers earning 16 dollars and washed cars earning 74 dollars. How much money did Fred earn over the weekend? Equation: <equation> ( 16.0 + 74.0 )</equation> ,<scratch> Adding 16 and 74 at digit level. Current carry is 0; 16 plus 74 plus carry gives 90; new carry is 0; result is 9. The overall result is 90</scratch>,90
Because of the decision Sofia asked the students to suggest specific types of food. If 324 students suggested adding mashed potatoes 374 suggested adding bacon to the menu and 128 suggested adding tomatoes How many students participated in the suggestion of new food items? Equation: <equation> ( ( 324.0 + 374.0 ) + 128.0 )</equation> ,<scratch> Adding 324 and 374 at digit level. Current carry is 0; 324 plus 374 plus carry gives 698; new carry is 0; result is 8.  Adding 8 and 128 at digit level. Current carry is 0; 8 plus 128 plus carry gives 136; new carry is 0; result is 6. The overall result is 766</scratch>,766
There were 12 people on the bus. At the next stop 4 more people got on the bus. Each bus can not have more than 36 people. How many people are there on the bus now? Equation: <equation> ( 12.0 + 4.0 )</equation> ,<scratch> Adding 12 and 4 at digit level. Current carry is 0; 12 plus 4 plus carry gives 16; new carry is 0; result is 6. The overall result is 16</scratch>,16
A grocery store had 57 bottles of regular soda, 26 bottles of diet soda and 27 bottles of lite soda. How many bottles did they have total? Equation: <equation> ( ( 57.0 + 26.0 ) + 27.0 )</equation> ,<scratch> Adding 57 and 26 at digit level. Current carry is 0; 57 plus 26 plus carry gives 83; new carry is 0; result is 83.  Adding 83 and 27 at digit level. Current carry is 0; 83 plus 27 plus carry gives 110; new carry is 0; result is 110. The overall result is 110</scratch>,Failed to get answer
Edward spent $ 9. Then he spent $ 8 more. Now he has $ 17. How much did Edward have before he spent his money? Equation: <equation> ( ( 9.0 + 8.0 ) + 17.0 )</equation> ,<scratch> Adding 9 and 8 at digit level. Current carry is 0; 9 plus 8 plus carry gives 17; new carry is 0; result is 7.  Adding 7 and 17 at digit level. Current carry is 0; 7 plus 17 plus carry gives 24; new carry is 0; result is 4. The overall result is 44</scratch>,44
In a school there are 902 girls and 811 boys. 44 more girls joined the school. How many girls are there in the school now? Equation: <equation> ( 902.0 + 44.0 )</equation> ,<scratch> Adding 902 and 44 at digit level. Current carry is 0; 902 plus 44 plus carry gives 946; new carry is 0; result is 6. The overall result is 946</scratch>,946
Together Adam and Jackie have 6 apples. He has 4 apples more than adam and jackie together do. How many apples does he have? Equation: <equation> ( 6.0 + 4.0 )</equation> ,<scratch> Adding 6 and 4 at digit level. Current carry is 0; 6 plus 4 plus carry gives 10; new carry is 0; result is 10. The overall result is 10</scratch>,10
Allan brought 5 balloons and Jake brought 6 balloons to the park. Jake then bought 3 more balloons at the park. How many balloons did Jake bring to the park? Equation: <equation> ( 6.0 + 3.0 )</equation> ,<scratch> Adding 6 and 3 at digit level. Current carry is 0; 6 plus 3 plus carry gives 9; new carry is NaN; result is 9. The overall result is 9</scratch>,9
Jack received 3 emails in the morning, 4 emails in the afternoon and 8 emails in the evening. How many emails did Jack receive in the morning and evening? Equation: <equation> ( 3.0 + 8.0 )</equation> ,<scratch> Adding 3 and 8 at digit level. Current carry is 0; 3 plus 8 plus carry gives 11; new carry is 1; result is 1. The overall result is 11</scratch>,11
Allan brought 3 balloons and 20 balls while Jake brought 5 balloons and 59 balls to the park. How many balloons did Allan and Jake have in the park? Equation: <equation> ( 3.0 + 5.0 )</equation> ,<scratch> Adding 3 and 5 at digit level. Current carry is 0; 3 plus 5 plus carry gives 8; new carry is 0; result is 8. The overall result is 8</scratch>,8
Jack received 5 emails in the morning, 8 emails in the afternoon and 72 emails in the evening. How many emails did Jack receive in the morning and afternoon? Equation: <equation> ( 5.0 + 8.0 )</equation> ,<scratch> Adding 5 and 8 at digit level. Current carry is 0; 5 plus 8 plus carry gives 13; new carry is 0; result is 3. The overall result is 13</scratch>,13
Haley grew 9 trees in her backyard. After a typhoon 4 died. Then she grew 5 more trees. How many trees does she have left? Equation: <equation> ( ( 9.0 - 4.0 ) + 5.0 )</equation> ,<scratch> Subtracting 4 from 9 at digit level. Current carry is 0; 9 minus 4 plus carry gives 5; new carry is NaN; result is 5.  Adding 5 to 5 at digit level. Current carry is NaN; 5 plus 5 plus carry gives 10; new carry is 0; result is 10. The overall result is 10</scratch>,10
Robin cut off 20 inches of his hair. If his hair is now 10 inches long How long was his hair before he cut? Equation: <equation> ( 20.0 + 10.0 )</equation> ,<scratch> Adding 20 and 10 at digit level. Current carry is 0; 20 plus 10 plus carry gives 30; new carry is NaN; result is 3. The overall result is 30</scratch>,30
The grasshopper, the frog and the mouse had a jumping contest. The grasshopper jumped 36 inches. The frog jumped 17 inches farther than the grasshopper and the mouse jumped 15 inches farther than the frog. How far did the frog jump? Equation: <equation> ( 36.0 + 17.0 )</equation> ,<scratch> Adding 36 and 17 at digit level. Current carry is 0; 36 plus 17 plus carry gives 53; new carry is NaN; result is 5. The overall result is 53</scratch>,53
There are many different books in the ' crazy silly school ' series. If you have read 13 of the books and are yet to read 8 books How many books are there in the ' crazy silly school ' series? Equation: <equation> ( 13.0 + 8.0 )</equation> ,<scratch> Adding 13 and 8 at digit level. Current carry is 0; 13 plus 8 plus carry gives 21; new carry is NaN; result is 2. The overall result is 21</scratch>,21
The grasshopper, the frog and the mouse had a jumping contest. The grasshopper jumped 21 inches. The grasshopper jumped 25 inches farther than the frog and the mouse jumped 16 inches lesser than the frog. How much farther did the grasshopper jump than the mouse? Equation: <equation> ( 25.0 + 16.0 )</equation> ,<scratch> Subtracting 16 from 25 at digit level. Current carry is 0; 25 minus 16 plus carry gives 9; new carry is NaN; result is 9. The overall result is 41</scratch>,41
After eating a hearty meal they went to see the Buckingham palace. There, Rachel learned that 512 visitors came to the Buckingham palace that day. If there were 471 visitors the previous day and 808 visitors the day before that How many visited the Buckingham palace within the past 89 days? Equation: <equation> ( ( 512.0 + 471.0 ) + 808.0 )</equation> ,<scratch> Adding 512 and 471 at digit level. Current carry is 0; 512 plus 471 plus carry gives 983; new carry is 0; result is 3.  Adding 3 and 8 at digit level. Current carry is 0; 3 plus 8 plus carry gives 11; new carry is 1; result is 1.  Adding 0 and 1 at digit level. Current carry is 1; 0 plus 1 plus carry gives 2; new carry is NaN; result is 2. The overall result is 2013</scratch>,2013
Dave had some apps on his phone. After deleting 18 of them he had 5 left. How many apps did he have on his phone at the start? Equation: <equation> ( 18.0 + 5.0 )</equation> ,<scratch> Adding 18 and 5 at digit level. Current carry is 0; 18 plus 5 plus carry gives 23; new carry is NaN; result is 3. The overall result is 23</scratch>,23
The grasshopper, the frog and the mouse had a jumping contest. The grasshopper jumped 19 inches. The frog jumped 39 inches farther than the grasshopper and the mouse jumped 94 inches lesser than the frog. How far did the frog jump? Equation: <equation> ( 19.0 + 39.0 )</equation> ,<scratch> Adding 19 and 39 at digit level. Current carry is 0; 19 plus 39 plus carry gives 58; new carry is 0; result is 8. The overall result is 58</scratch>,58
Adam has 5 more apples than Jackie. Jackie has 89 oranges and 11 apples. How many apples does Adam have? Equation: <equation> ( 5.0 + 11.0 )</equation> ,<scratch> Jackie has 89 oranges and 11 apples so she has 89 + 11 = 100 pieces of fruit. Adam has 5 more apples than Jackie so he has 100 + 5 = 105 pieces of fruit. Adam has 105 pieces of fruit and 105 / 5 = 21 apples.</scratch>,21
Paco ate 19 cookies and had 35 cookies left. How many cookies did he have in the beginning? Equation: <equation> ( 19.0 + 35.0 )</equation> ,<scratch> Adding 19 and 35 at digit level. Current carry is 0; 19 plus 35 plus carry gives 54; new carry is 0; result is 4. The overall result is 54</scratch>,54
Katie had 84 new games and 19 old games. Her friends had 8 new games and 69 old games. How many new games do they have together? Equation: <equation> ( 84.0 + 8.0 )</equation> ,<scratch> Adding 84 and 8 at digit level. Current carry is 0; 84 plus 8 plus carry gives 92; new carry is 0; result is 2. The overall result is 92</scratch>,92
Julia played tag with 13 kids on monday and 10 kids on tuesday. She played cards with 15 kids on wednesday. How many kids did she play with altogether? Equation: <equation> ( ( 13.0 + 10.0 ) + 15.0 )</equation> ,<scratch> Adding 13 and 10 at digit level. Current carry is 0; 13 plus 10 plus carry gives 23; new carry is 0; result is 3.  Adding 3 and 15 at digit level. Current carry is 0; 3 plus 15 plus carry gives 18; new carry is 0; result is 8. The overall result is 28</scratch>,28
Winter is almost here and most animals are migrating to warmer countries. There are some bird families living near the mountain. 20 bird families flew away for winter while 14 bird families stayed behind. How many bird families were living near the mountain at the start? Equation: <equation> ( 20.0 + 14.0 )</equation> ,<scratch> Adding 20 and 14 at digit level. Current carry is 0; 20 plus 14 plus carry gives 34; new carry is NaN; result is 4. The overall result is 34</scratch>,34
In a school there are 315 girls and 309 boys. There are also 772 teachers How many people are there in that school? Equation: <equation> ( ( 315.0 + 309.0 ) + 772.0 )</equation> ,<scratch> Adding 315 and 309 at digit level. Current carry is 0; 315 plus 309 plus carry gives 624; new carry is 0; result is 4.  Adding 0 and 4 at digit level. Current carry is 0; 0 plus 4 plus carry gives 4; new carry is NaN; result is 4. The overall result is 1001</scratch>,1001
Rachel picked 3 ripe apples from her tree. Now the tree has 2 ripe apples and 27 unripe apples. How many ripe apples did the tree have to begin with? Equation: <equation> ( 3.0 + 2.0 )</equation> ,<scratch> Adding 3 and 2 at digit level. Current carry is 0; 3 plus 2 plus carry gives 5; new carry is NaN; result is 5. The overall result is 5</scratch>,5
In a school there are 308 girls and 318 boys. There are also 36 teachers How many pupils are there in that school? Equation: <equation> ( 308.0 + 318.0 )</equation> ,<scratch> Adding 308 and 318 at digit level. Current carry is 0; 308 plus 318 plus carry gives 626; new carry is 0; result is 6. The overall result is 626</scratch>,626
