question,answer
There are 8 different books and 5 different movies in the ' crazy silly school ' series. If you read 19 of the movies and watched 16 of the books How many more movies than books have you read?,Failed to get answer
Mary is baking a cake. The recipe calls for 12 cups of flour and 5 cups of sugar. She already put in some cups of flour. If she still needs 2 more cups of flour How many cups of flour did she put in?,10
Danny collects bottle caps and wrappers. He found 46 wrappers and 50 bottle caps at the park. Now he has 21 bottle caps and 52 wrappers in his collection. How many more bottle caps than wrappers did danny find at the park?,4
3 birds and 4 storks were sitting on the fence. 2 more birds came to join them. How many more birds than storks are sitting on the fence?,5
The grasshopper, the frog and the mouse had a jumping contest. The grasshopper jumped 9 inches. The mouse jumped 3 inches lesser than the frog who jumped 33 inches farther than the grasshopper. How far did the mouse jump?,27
Zachary did 35 push-ups and 3 crunches in gym class today. David did 58 more push-ups but 87 less crunches than zachary. How many more push-ups than crunches did Zachary do?,32
Jerry had 7 action figures on a shelf in his room. Later he added some more action figures to the shelf and removed 10 of the old ones. If there are 8 action figures on his shelf now How many action figures did he add to the shelf?,15
Nell collects cards. She had 309 baseball cards and 356 Ace cards. She gave some of her cards to Jeff and now has 415 baseball cards and Ace cards left. How many more baseball cards than Ace cards does Nell have?,10
At the zoo, a cage had 93 snakes and 97 alligators. If 40 alligators were hiding How many alligators were not hiding?,57
You have read 8 books from the ' crazy silly school ' series. If there are a total of 14 different books in the ' crazy silly school ' series How many more do you still have to read?,Failed to get answer
Winter is almost here and most animals are migrating to warmer countries. There were 89 bird families living near the mountain. If 60 bird families flew away for winter How many more bird families flew away for the winter than those that stayed behind?,29
There were 9 roses and 6 orchids in the vase. Jessica cut some more roses and orchids from her flower garden. There are now 13 orchids and 3 roses in the vase. How many more orchids than roses are there in the vase now?,10
After eating a hearty meal they went to see the Buckingham palace. There were 39 paintings in the Buckingham palace. There, Rachel learned that 661 visitors came to the Buckingham palace that day. If there were 600 visitors the previous day How many more visitors visited the Buckingham palace on that day than on the previous day?,61
Mary is baking a cake. The recipe calls for 11 cups of flour and 7 cups of sugar. She already put in some cups of flour. If she still needs 2 more cups of flour than sugar How many cups of flour did she put in?,9
Baker made 149 cakes and 91 pastries. If he sold 10 cakes and 90 pastries How many cakes would baker still have?,139
Dave had 24 files and 13 apps on his phone. After deleting some apps and files he had 17 apps and 21 files left. How many files did he delete?,3
Because of the decision Sofia asked 310 students to suggest specific types of food. 185 students suggested adding mashed potatoes while others suggested adding bacon to the menu. How many students suggested bacon?,125
Rachel had to complete 2 pages of reading homework and 4 pages of math homework. How many more pages of math homework than reading homework did she have?,2
Julia played tag with 8 kids on monday, 11 kids on tuesday and 9 kids on wednesday. How many more kids did she play with on tuesday than on wednesday?,2
36 children were riding on the bus. At the bus stop 68 children got off the bus while some more got on the bus. Then there were 12 children altogether on the bus. How many more children got off the bus than those that got on?,56
Tiffany was collecting cans for recycling. On monday she had 4 bags of cans. The next day she found some more bags worth of cans. If she had a total of 6 bags altogether How many bags did she find on the next day?,2
In a school there are 632 girls and 410 boys. 465 more girls joined the school. How many more girls than boys does the school have?,1047
Randy has 95 blocks. He uses 20 blocks to build a house and 50 blocks to build a tower. How many more blocks did he use to build the tower than he did to build the house?,30
2 birds and 6 storks were sitting on the fence. 3 more birds came to join them. How many more storks than birds are sitting on the fence?,4
Paco had 12 cookies. He ate 16 cookies and gave 21 of them to his friend. How many more cookies did he give to his friend than those he ate?,5
After eating a hearty meal they went to see the Buckingham palace. There, Rachel learned that 317 visitors came to the Buckingham palace that day. If there were 295 visitors the previous day How many more visitors visited the Buckingham palace on that day than on the previous day?,22
Josh had 3 marbles in his collection. He found 6 marbles while he lost 5 marbles. How many more marbles did he find than those he lost?,1
Because of the decision Sofia asked the students to suggest specific types of food. If 408 students suggested adding mashed potatoes while 42 suggested adding bacon to the menu How many more students suggested mashed potatoes than those that suggested bacon?,366
Paco had 40 cookies. He ate 5 cookies and gave 13 of them to his friend. How many cookies did paco have left?,12
Paco had 17 cookies. He ate 14 cookies and gave 13 of them to his friend. How many more cookies did he eat than those he gave to his friend?,1
Julia played tag with 19 kids on monday. She played tag with 18 kids on tuesday. She spent a total of 38 hours to play tag on both days. How many more kids did she play with on monday than on tuesday?,1
Dan has $ 5. He bought a candy bar for $ 2 and a chocolate for $ 3. How much money did he spend to buy chocolate than he did to buy candy bar?,1
Ed had 29 more marbles than Doug. Ed lost 17 of his marbles at the playground. How many more marbles did Ed have than Doug then?,12
There are 20 different books in the ' crazy silly school ' series. If you are yet to read 5 of the books How many books have you already read?,15
Josh lost 11 marbles. If he had 19 marbles in his collection earlier How many marbles does he have now?,8
Allan brought 6 balloons and Jake brought 3 balloons to the park. Jake then bought 4 more balloons at the park. How many more balloons did Jake have than Allan in the park?,7
A grocery store had 22 bottles of regular soda and 61 bottles of diet soda. How many more bottles of diet soda than regular soda did they have?,39
During summer break 800059 kids from Lawrence county go to camp and the rest stay home. Lawrence county has 828521 kids in all. About how many kids stayed home?,28462
Allan brought 2 balloons and Jake brought 4 balloons to the park. Allan then bought 3 more balloons at the park. How many more balloons did Allan have than Jake in the park?,5
A chef had 58 apples. After making some pies, he had used 35. How many apples remained?,23
There were 16 roses and 3 orchids in the vase. Jessica cut some more roses and orchids from her flower garden. There are now 7 orchids and 13 roses in the vase. How many orchids did she cut?,4
Jack received 10 emails in the morning, 5 emails in the afternoon and 4 emails in the evening. How many more emails did Jack receive in the afternoon than in the evening?,1
A farmer had 160 tomatoes in his garden. If he picked 56 of them yesterday and 41 today. How many did he have left after yesterday's picking?,104
15 campers went rowing in the morning. Some more campers went rowing in the afternoon. If a total of 32 campers went rowing that day How many campers went rowing in the afternoon?,17
Because of the decision Sofia asked the students to suggest specific types of food. If 479 students suggested adding mashed potatoes while 489 suggested adding bacon to the menu How many more students suggested bacon than those that suggested mashed potatoes?,10
Ed had 5 more marbles than Doug. Doug lost 3 of his marbles at the playground. If Ed had 27 marbles How many marbles did Doug have initially?,21
Rachel had to complete 7 pages of math homework. If she had to complete 4 more pages of math homework than reading homework How many pages of reading homework did she have to complete?,3
Helen the hippo and her friends are preparing for thanksgiving at Helen's house. Helen baked 19 chocolate chip cookies yesterday and 231 raisin cookies and 237 chocolate chip cookies this morning. How many more chocolate chip cookies than raisin cakes did Helen bake?,106
Tiffany was collecting cans for recycling. On monday she had some bags of cans. The next day she found 4 more bags worth of cans. If she had a total of 8 bags altogether How many bags did she have on monday?,4
Danny collects bottle caps. He found 30 bottle caps at the park while he threw away 63 old ones. Now he has 42 bottle caps in his collection. How many more bottle caps did danny throw away than those he found at the park?,33
Mary is baking a cake. The recipe calls for 12 cups of sugar and 14 cups of flour. She already put in 10 cups of sugar. How many more cups of flour than cups of sugar does she need to add now?,4
Kelly has 22 nintendo games. How many does she need to buy so that she will have 140 games left?,118
A farmer had 171 tomatoes in his garden. If he picked 134 of them yesterday and 30 today. How many will he have left after today?,10
Mary is baking a cake. The recipe calls for 6 cups of sugar and 14 cups of flour. She already put in 7 cups of flour and 60 cups of sugar. How many more cups of flour does she need to add?,7
There were 7 roses and 12 orchids in the vase. Jessica cut some more roses and orchids from her flower garden. There are now 11 roses and 20 orchids in the vase. How many more orchids than roses are there in the vase now?,9
After Jessie started to go jogging everyday she lost 35 kilograms. She weighed 69 kilograms before beginning jogging. How much does she weigh now?,34
22 children were riding on the bus. At the bus stop 40 children got on the bus while some got off the bus. Then there were 2 children altogether on the bus. How many children got off the bus at the bus stop?,16
There are 10 different books and 11 different movies in the ' crazy silly school ' series. If you read 13 of the books and watched 12 of the movies How many more books than movies have you read?,1
A farmer had 175 tomatoes and 77 potatoes in his garden. If he picked 172 potatoes How many tomatoes and potatoes does he have left?,103
Last week Fred had 111 dollars and Jason had 40 dollars. Fred washed cars over the weekend and now has 115 dollars. Jason delivered newspapers and now has 44 dollars. How much money did they earn by washing cars?,14
Jessica cut some roses from her flower garden to put in her vase. There are now 19 roses in the vase. If there were 3 roses in the vase initially How many roses did she cut?,16
23 children were riding on the bus. At the bus stop 24 children got on the bus while some got off the bus. Then there were 8 children altogether on the bus. How many more children got off the bus than those that got on?,11
Because of the decision Sofia asked the students to suggest specific types of food. If 257 students suggested adding mashed potatoes 120 suggested adding bacon to the menu and 97 suggested adding tomatoes How many more students suggested mashed potatoes than those that suggested bacon?,137
After resting they decided to go for a swim. If the depth of the water is 10 times Dean's height and he stands at 9 feet How much deeper is the water than Dean's height?,90
Next on his checklist is wax to stick the feathers together. He needs 159 g of wax more. If the feathers require a total of 628 g of wax How many grams of wax does he already have?,469
There are a total of 16 peaches in a basket. If there are 13 red peaches and some more green peaches in the basket. How many green peaches are in the basket?,3
Marco and his dad went strawberry picking. Together their strawberries weighed 4 pounds. Marco's strawberries weighed 19 pounds. How much more did his strawberries weigh than his dad's?,15
Julia played tag with 4 kids on wednesday. She had played with 6 kids on monday and 17 kids on tuesday. How many more kids did she play with on monday than on wednesday?,2
A grocery store had 36 apples, 80 bottles of regular soda and 54 bottles of diet soda. How many more bottles than apple did they have?,148
The grasshopper, the frog and the mouse had a jumping contest. The grasshopper jumped 14 inches. The mouse jumped 16 inches lesser than the frog who jumped 37 inches farther than the grasshopper. How much farther did the mouse jump than the grasshopper?,23
Paige raised 7 goldfish and 12 catfish in the pond but stray cats loved eating them. Now she has 15 left. How many fishes disappeared?,16
Paco had 40 sweet cookies and 25 salty cookies. He ate 28 salty cookies and 15 sweet cookies. How many more salty cookies than sweet cookies did he eat?,13
Steven has 14 peaches. Jake has 6 fewer peaches than Steven and 3 more peaches than Jill. How many peaches does Jill have?,5
Paul had 115 books. He sold 78 books in a garage sale. How many books does he have left with him?,37
Danny collects bottle caps. He found 63 bottle caps at the park while he threw away 51 old ones. Now he has 33 bottle caps in his collection. How many bottle caps did danny have at first?,107
A grocery store had 67 bottles of regular soda and 9 bottles of diet soda. How many more bottles of regular soda than diet soda did they have?,58
A grocery store had a total of 17 bottles of which 9 were bottles of regular soda and the rest were bottles of diet soda. They also had 29 apple. How many bottles of diet soda did they have?,8
Jake has 3 fewer peaches than Steven who has 8 more peaches than Jill. Steven has 5 peaches. How many more peaches does Jake have than Jill?,2
Josh had 20 marbles in his collection. He gave 2 marbles to Jack. How many marbles does Josh have now?,18
Steven has 12 peaches. Jake has 4 fewer peaches than Steven who has 67 more peaches than Jill. How many peaches does Jake have?,61
Jake has 5 fewer peaches than Steven. Steven has 18 more peaches than Jill. If Jill has 87 peaches How many more peaches does Jake have than Jill?,10
A grocery store had 54 bottles of diet soda, 83 bottles of regular soda and 12 apples. How many more bottles of regular soda than diet soda did they have?,29
Because of the decision Sofia asked the students to suggest specific types of food. If 269 students suggested adding bacon 330 suggested adding mashed potatoes to the menu and 76 suggested adding tomatoes How many more students suggested mashed potatoes than those that suggested bacon?,61
Dave had 15 apps on his phone. He added 71 new apps. After deleting some he had 14 left. How many more apps did he delete than he added?,56
Kelly has 106 nintendo games. How many will she have left if she gives away 64 games?,42
Last week Fred had 114 dollars and Jason had 22 dollars. They washed cars over the weekend and now Fred has 21 dollars and Jason has 78 dollars. How much money did Jason make over the weekend?,56
Jack received 6 emails in the morning and 2 emails in the afternoon. How many more emails did Jack receive in the morning than in the afternoon?,4
Baker made 43 cakes and 114 pastries. If he sold 154 pastries and 78 cakes How many more pastries than cakes did baker sell?,76
They decided to hold the party in their backyard. They have 4 sets of tables and each set has 3 chairs. If a total of 14 people will attend the party How many more chairs will they have to buy?,4
Last week Fred had 19 dollars and Jason had 16 dollars. They washed cars over the weekend and now Fred has 40 dollars and Jason has 69 dollars. How much money did Fred earn over the weekend?,21
Paco had 25 cookies. He ate 5 of them. Then he bought 3 more cookies How many more cookies did he eat than those he bought?,2
Jake has 8 fewer peaches and 10 more apples than Steven. Steven has 11 apples and 18 peaches. How many more peaches than apples does Steven have?,7
A grocery store had a total of 30 bottles of which 28 were bottles of regular soda and the rest were bottles of diet soda. How many bottles of diet soda did they have?,2
Winter is almost here and most animals are migrating to warmer countries. 86 bird families flew away for the winter from near a mountain. If there were 45 bird families living near the mountain initially How many more bird families flew away for the winter than those that stayed behind?,41
Allan brought 2 balloons to the park and then bought 3 more balloons there. If Jake brought 6 balloons to the park How many more balloons did Jake have than Allan in the park?,4
Every day Ryan spends 2 hours on learning english, 5 hours on learning chinese and 4 hours on learning spanish. How many more hours does he spend on learning chinese than he does on learning spanish?,1
2 birds were sitting on the fence. 5 more birds and 4 more storks came to join them. How many more birds than storks are sitting on the fence?,7
Paco had 6 cookies. He gave 30 cookies to his friend and ate 23 cookies. How many more cookies did he give to his friend than those he ate?,7
Baker made 170 cakes. He sold 78 of them and bought 31 new cakes. How many more cakes did baker sell than those he bought?,47
There were 12 roses and 2 orchids in the vase. Jessica cut some more roses and orchids from her flower garden. There are now 10 roses and 21 orchids in the vase. How many orchids did she cut?,9
Mary is baking a cake. The recipe calls for 5 cups of flour and 14 cups of sugar. She already put in 10 cups of flour and 2 cups of sugar. How many more cups of sugar does she need to add?,12
Baker made 144 cakes. He sold 71 of them. Then he made 111 more cakes. How many more cakes did baker make than those he sold?,73
Mary is baking a cake. The recipe calls for 12 cups of flour 5 cups of sugar and 49 cups of salt. She already put in 11 cups of flour. How many more cups of flour does she need to add?,1
There are 62 different movies and 19 different books in the ' crazy silly school ' series. If you read 4 of the books and watched 34 of the movies How many more books do you still have to read?,Failed to get answer
41 children were riding on the bus. At the bus stop some children got off the bus. Then there were 18 children left on the bus. How many more children were on the bus before the bus stop than there are now?,23
Danny collects bottle caps and wrappers. He found 30 bottle caps and 14 wrappers at the park. Now he has 7 bottle caps and 86 wrappers in his collection. How many more bottle caps than wrappers did danny find at the park?,16
Edward spent $ 16 to buy books and $ 8 to buy pens. Now he has $ 19. How much more did Edward spend on books than pens?,8
Dan has $ 4. He had $ 3 left with him after he bought a candy bar. How much did the candy bar cost?,1
Paul got a box of 253 crayons for his birthday. By the end of the school year he had either lost or given away 70 of them. How many crayons did he have left by the end of the school year?,183
Zachary did 51 push-ups in gym class today. David did 22 more push-ups than Zachary. John did 4 push-ups less than David. How many push-ups did John do?,73
Helen the hippo and her friends are preparing for thanksgiving at Helen's house. Helen baked 519 chocolate chip cookies and 300 raisin cookies yesterday. And she baked 280 raisin cookies and 359 chocolate chip cookies this morning. How many more raisin cookies did Helen bake yesterday compared to today?,20
A grocery store had 81 bottles of regular soda, 60 bottles of diet soda and 60 bottles of lite soda. How many more bottles of regular soda did they have than diet soda?,21
Edward had $ 13. He spent some money. Now he has $ 3. How much money did Edward spend?,10
Ed had 19 more marbles than Doug. Ed lost some of his marbles at the playground. Now Ed has 8 more marbles than doug. How many marbles did Ed lose?,11
A grocery store had 72 bottles of regular soda, 32 bottles of diet soda and 78 apples. How many more bottles than apple did they have?,100
Because of the decision Sofia asked the students to suggest specific types of food. If 144 students suggested adding mashed potatoes 467 suggested adding bacon to the menu and 79 suggested adding tomatoes How many more students suggested mashed potatoes than those that suggested tomatoes?,65
A waiter had 14 customers. 5 customers left. How many customers does he still have?,9
Mary is baking a cake. The recipe calls for 11 cups of sugar and 9 cups of flour. She already put in 12 cups of flour and 10 cups of sugar. How many more cups of sugar does she need to add?,1
The Razorback t-shirt shop makes $ 106 dollars off each t-shirt sold. During the Arkansas game and the Texas tech game they sold a total of 242 t-shirts. If they sold 115 t-shirts during the Arkansas game How many t-shirts did they sell during the Texas tech game?,127
Randy has 90 blocks. He uses 89 blocks to build a house and 63 blocks to build a tower. How many more blocks did he use to build the house than he did to build the tower?,26
Allan brought 2 balloons and Jake brought 3 balloons to the park. How many more balloons did Jake have than Allan in the park?,1
Every day Ryan spends 7 hours on learning english, 2 hours on learning chinese and 4 hours on learning spanish. How many more hours does he spend on learning english than he does on learning spanish?,3
Paul had 108 books. After selling some books in a garage sale and giving 35 books to his friend he had 62 books left. How many books did he sell in the garage sale?,31
Nell collects cards. She had 246 baseball cards and 214 Ace cards. She gave some of her cards to Jeff and now has 404 baseball cards and 495 Ace cards left. How many more Ace cards than baseball cards does Nell have?,101
Jerry had 8 action figures on a shelf in his room. Later he added 4 more action figures to the shelf and removed 5 old ones. How many action figures were on his shelf in all?,11
Mary is baking a cake. The recipe calls for 9 cups of sugar 7 cups of flour and 4 cups of salt. She already put in 2 cups of flour. How many more cups of flour than cups of salt does she need to add now?,3
Jerry had 9 action figures on a shelf in his room. Later he added 7 more action figures to the shelf. If he also has 10 books on the shelf How many more action figures than books were on his shelf?,19
Paul got a box of 589 crayons for his birthday. During the school year he gave 571 crayons to his friends while he lost 161 crayons. How many more crayons did he give to his friends than those he lost?,410
Jack received 9 emails in the morning, 10 emails in the afternoon and 7 emails in the evening. How many more emails did Jack receive in the morning than in the evening?,2
Jack received 6 emails in the morning and 8 emails in the afternoon. How many more emails did Jack receive in the afternoon than in the morning?,2
Helen the hippo and her friends are preparing for thanksgiving at Helen's house. Helen baked 197 chocolate chip cookies and 46 raisin cookies yesterday. And she baked 75 raisin cookies and 66 chocolate chip cookies this morning. How many more chocolate chip cookies did Helen bake yesterday compared to today?,131
Jake has 18 fewer peaches than Steven who has 13 more peaches than Jill. Steven has 19 peaches. How many peaches does Jill have?,4
Lucy went to the grocery store. She bought 23 packs of cookie and some packs of cake. In total she had 27 packs of grocery How many packs of cake did she buy in all?,4
Every day Ryan spends 6 hours on learning english 3 hours on learning chinese and 58 hours on learning spanish. How many more hours does he spend on learning english than he does on learning chinese?,3
A book has 2 chapters. The first chapter is 48 pages long. The second chapter is 11 pages long. How many more pages does the first chapter have than the second chapter?,37
6 green peaches, 60 yellow peaches and 2 red peaches are in the basket. How many more green peaches than red peaches are in the basket?,4
There were 22 parents in the program and 676 people in total. How many pupils were present in the program?,654
Next on his checklist is wax to stick the feathers together and colors to paint them. He needs a total of 49 g of colors to paint them. If the feathers require 288 g of wax and right now he just needs 260 g How many grams of wax does he already have?,28
Mary is baking a cake. The recipe calls for 14 cups of flour and 6 cups of sugar. She already put in 5 cups of flour. How many more cups of flour than cups of sugar does she need to add now?,8
Jake has 12 fewer peaches than Steven who has 11 more peaches than Jill. Steven has 4 peaches. How many more peaches does Jill have than Jake?,18
Jake has 12 fewer peaches and 79 more apples than Steven. Steven has 19 peaches and 14 apples. How many peaches does Jake have?,11
There are 10 different books and 6 different movies in the ' crazy silly school ' series. If you read 14 of the movies and watched 19 of the books How many more books than movies have you read?,5
There were 100 dollars in Olivia's wallet. She collected 148 more dollars from an atm. After she visited a supermarket there were 159 dollars left. How much did she spend?,109
A waiter had 11 customers. After some left he still had 3 customers. How many more customers left than those that stayed behind?,8
Katie had 81 ds games and her friends had 59 games. How many more games does Katie have than her friends?,22
Julia played tag with 5 kids on tuesday. She had played tag with 6 kids on monday. How many more kids did she play with on monday than on tuesday?,1
Julia played tag with a total of 18 kids. She played with 4 kids on monday and yet with some more kids on tuesday. How many kids did she play with on tuesday?,14
Jerry had 3 books and 4 action figures on a shelf in his room. Later he added 2 more action figures to the shelf. How many more action figures than books were on his shelf?,5
Dave had 19 apps and 18 files on his phone. After deleting some apps and files he had 6 apps and 15 files left. How many more files than apps does he have left on the phone?,9
Baker made 99 cakes. He bought 167 new cakes and sold 89 cakes. How many more cakes did baker buy than those he sold?,78
David did 44 push-ups in gym class today. David did 9 more push-ups than Zachary. How many push-ups did Zachary do?,35
There were 7 roses in the vase. Jessica cut some more roses from her flower garden which had a total of 59 roses. There are now 20 roses in the vase. How many roses did she cut?,13
Baker made 13 cakes. He sold 91 of them and bought 154 new cakes. How many more cakes did baker buy than those he sold?,63
He then went to see the oranges being harvested. He found out that they harvest 71 sacks of unripe oranges and 60 sacks of ripe oranges per day. How many more sacks of unripe oranges than ripe oranges are harvested per day?,11
At the zoo, a cage had snakes and alligators. The total number of animals in the cage was 79. If 24 snakes and 51 alligators were hiding How many animals were not hiding in all?,14
Danny has 21 bottle caps in his collection. He found some more bottle caps at the park. If he has 53 bottle caps now How many bottle caps did he find at the park?,32
There were 2 roses in the vase. Jessica threw away 4 roses from the vase and cut some more new roses from her flower garden to put in the vase. There are now 23 roses in the vase. How many roses did she cut?,17
Jerry had 7 action figures and 2 books on a shelf in his room. Later he added 4 more books to the shelf. How many more action figures than books were on his shelf?,5
In a school there are 34 girls and 841 boys. How many more boys than girls does the school have?,807
Bobby ate some pieces of candy. Then he ate 25 more. If he ate a total of 43 pieces of candy How many pieces of candy had he eaten at the start?,18
53 campers went rowing in the morning 48 campers went rowing in the afternoon and 49 campers went rowing in the evening. How many more campers went rowing in the morning than in the evening?,4
Jack received 3 emails in the afternoon, 5 emails in the morning and 16 emails in the evening. How many more emails did Jack receive in the morning than in the afternoon?,2
Rachel had to complete 3 pages of math homework and 4 pages of reading homework. How many more pages of reading homework than math homework did she have?,1
A book has 2 chapters. The first chapter is 37 pages long. The second chapter is 80 pages long. How many more pages does the second chapter have than the first chapter?,43
There are 8 different movies and 21 different books in the ' crazy silly school ' series. If you read 7 of the books and watched 4 of the movies How many more movies do you still have to watch?,4
The Razorback shop makes $ 192 dollars off each t-shirt and $ 34 off each jersey. During the Arkansas and Texas tech game they sold 157 t-shirts and 19 jerseys. How much more does a t-shirt cost than a jersey?,158
After a typhoon, 13 trees in Haley's backyard died. If she had grown 3 trees initially How many more trees died in the typhoon than those that survived?,10
Josh had 9 marbles in his collection. He lost some marbles. If he has 4 marbles now How many marbles did he lose?,5
They decided to hold the party in their backyard. They have 14 chairs for each set of table. If they have 9 sets of tables How many more chairs than tables do they have?,126
Marco and his dad went strawberry picking. Together they collected strawberries that weighed 24 pounds. On the way back Marco lost 9 pounds of strawberries. Marco's strawberries now weighed 3 pounds. How much did his dad's strawberries weigh?,18
Mary is baking a cake. The recipe calls for 12 cups of flour and 13 cups of sugar. She already put in 2 cups of sugar. How many more cups of sugar does she need to add?,11
Winter is almost here and most animals are migrating to warmer countries. There are 38 bird families living near the mountain. If 47 bird families flew away to africa and 94 bird families flew away to asia How many more bird families flew away to asia than those that flew away to africa?,47
Zachary did 51 push-ups and David did 44 push-ups in gym class today. How many more push-ups did Zachary do than David?,7
Mary is baking a cake. The recipe calls for 6 cups of flour 8 cups of sugar and 7 cups of salt. She already put in 5 cups of flour. How many more cups of sugar than cups of salt does she need to add now?,1
Paige raised 16 goldfish and 71 catfish in the pond but stray cats loved eating them. Now she has 2 left. How many goldfish disappeared?,14
Rachel picked 7 ripe apples from her tree. Now the tree has 5 apples still on it. If 3 of those are ripe and the rest are unripe How many unripe apples does the tree have now?,2
Because of the decision Sofia asked the students to suggest specific types of food. If 228 students suggested adding mashed potatoes 337 suggested adding bacon to the menu and 23 suggested adding tomatoes How many more students suggested bacon than those that suggested tomatoes?,314
Julia played tag with 9 kids on monday, 7 kids on tuesday and 96 kids on wednesday. How many more kids did she play with on monday than on tuesday?,2
In a school there are 402 more girls than boys. If there are 739 girls How many boys are there in that school?,337
For Gwen's birthday she received 2 dollars from her mom. Her dad gave her 4 more dollars. If she spent 3 dollars. How much money did she still have?,7
Randy has 37 blocks. He uses 33 blocks to build a tower and 13 blocks to build a house. How many more blocks did he use to build the tower than he did to build the house?,20
Baker made 8 cakes. He bought 139 new cakes and sold 145 cakes. How many more cakes did baker sell than those he bought?,6
Jack received 6 emails and 8 letters in the morning. He then received 2 emails and 7 letters in the afternoon. How many more letters did Jack receive in the morning than in the afternoon?,1
Jake has 3 fewer peaches and 10 more apples than Steven. Steven has 12 peaches and 15 apples. How many more apples than peaches does Steven have?,3
Rachel had to complete 5 pages of math homework and 2 pages of reading homework. How many more pages of math homework than reading homework did she have?,3
Jesse's room is 19 feet wide and 20 feet long. How much longer is her room than it is wide?,1
Paul got a box of 601 crayons and 406 erasers for his birthday. At the end of the school year he only had 336 crayons left while not having lost a single eraser. How many more erasers than crayons did he have left?,60
Mary is baking a cake. The recipe calls for 5 cups of sugar and 14 cups of flour. She already put in 11 cups of flour. How many more cups of sugar than cups of flour does she need to add now?,4
Adam has 10 apples. Jackie has 2 apples. How many more apples does Adam have than Jackie?,8
Jerry had 5 action figures and 2 books on a shelf in his room. Later he added 9 more books to the shelf. How many more books than action figures were on his shelf?,11
Danny collects bottle caps and wrappers. He found 82 wrappers and 29 bottle caps at the park. Now he has 42 bottle caps and 61 wrappers in his collection. How many bottle caps did danny have at first?,11
At the arcade Dave had won 13 tickets. If he used 8 to buy some toys and 18 more to buy some clothes How many more tickets did Dave use to buy clothes than he did to buy toys?,10
Marco and his dad went strawberry picking. Together their strawberries weighed 35 pounds. Marco's strawberries weighed 13 pounds. How much more did his dad's strawberries weigh than his?,22
19 red peaches, 11 yellow peaches and 12 green peaches are in the basket. How many more red peaches than yellow peaches are in the basket?,8
For Gwen's birthday she received 8 dollars from her mom. Her dad gave her 5 more dollars. If she spent 4 dollars. How much more money did she receive from her mom than she did from her dad?,3
Dave had 16 apps and 77 files on his phone. After deleting some apps and files he had 5 apps and 23 files left. How many apps did he delete?,11
Paco had 39 sweet cookies and 6 salty cookies. He ate 23 salty cookies and 32 sweet cookies. How many more sweet cookies than salty cookies did he eat?,9
Haley grew 13 trees in her backyard. After a typhoon 6 died. How many more trees survived the typhoon than those that died?,7
Julia played tag with 18 kids on monday. She played tag with 10 kids on tuesday. How many more kids did she play with on monday than on tuesday?,8
Kelly has 46 nintendo games and 132 sony games. How many sony games does she need to give away so that she will have 31 sony games left?,41
5 red peaches and 11 green peaches are in the basket. How many more green peaches than red peaches are in the basket?,6
Rachel had to complete 9 pages of math homework, 2 pages of reading homework and 96 more pages of biology homework. How many more pages of math homework than reading homework did she have?,7
Josh had 4 marbles in his collection. He lost 16 marbles and found 8 new ones. How many more marbles did he lose than those he found?,8
Danny collects bottle caps and wrappers. He found 11 bottle caps and 28 wrappers at the park. Now he has 68 bottle caps and 51 wrappers in his collection. How many more wrappers than bottle caps did danny find at the park?,17
Dave had 59 files and 15 apps on his phone. After deleting some apps and files he had 12 apps and 30 files left. How many apps did he delete?,3
Paul had 71 books. After selling some in a garage sale he bought 38 new ones. If he has 116 books now How many more books did he buy than he sold?,19
Kelly has 20 nintendo games and 70 sony games. How many nintendo games does she need to give away so that she will have 12 nintendo games left?,8
Julia played tag with 11 kids on monday. She played tag with 12 kids on tuesday. How many more kids did she play with on tuesday than on monday?,1
Tiffany was collecting cans for recycling. On monday she had 8 bags of cans. The next day she found 7 more bags worth of cans. How many more bags did she have on monday than she found on the next day?,1
Because of the decision Sofia asked the students to suggest specific types of food. 457 students suggested adding mashed potatoes while others suggested adding bacon to the menu. If 63 more students suggested adding mashed potatoes than those that suggested bacon How many students suggested bacon?,394
5 storks and 3 birds were sitting on the fence. 4 more birds came to join them. How many more birds than storks are sitting on the fence?,10
Paco had 22 sweet cookies and 75 salty cookies. He ate 15 sweet cookies and 54 salty cookies. How many sweet cookies did Paco have left?,7
Mary is baking a cake. The recipe calls for 9 cups of flour and 5 cups of sugar. She already put in 3 cups of flour and 62 cups of sugar. How many more cups of flour does she need to add?,6
There are 8 different books and 10 different movies in the ' crazy silly school ' series. If you read 19 of the books and watched 61 of the movies How many more movies than books are there in the ' crazy silly school ' series?,2
At the arcade Dave had won 7 tickets. He used some tickets to buy toys. If he still has 2 tickets left How many tickets did Dave use to buy toys?,5
Every day Ryan spends 7 hours on learning english and some more hours on learning chinese. If he spends 2 hours more on learning english than on learning chinese How many hours does he spend on learning chinese?,5
Jake has 7 fewer peaches than Steven and 8 more peaches than Jill. Steven has 17 peaches. How many peaches does Jill have?,5
2 red peaches, 6 yellow peaches and 14 green peaches are in the basket. How many more green peaches than yellow peaches are in the basket?,8
Every day Ryan spends a total of 3 hours on learning english and chinese. If he spends 2 hours on learning english everyday How many hours does he spend on learning chinese?,1
Bobby ate 38 pieces of candy. Then he ate 36 more. He also ate 16 pieces of chocolate. How many more pieces of candy than chocolate did Bobby eat?,62
A waiter had 8 customers. After some left he still had 5 customers. Then he got 99 new customers How many customers left?,88
Jake has 3 fewer peaches and 4 more apples than Steven. Steven has 19 apples and 15 peaches. How many more apples than peaches does Steven have?,4
Every day Ryan spends 6 hours on learning english and 7 hours on learning chinese. How many more hours does he spend on learning chinese than he does on learning english?,1
Paco had 28 cookies. He ate some of them and had 7 cookies left. How many cookies did Paco eat?,21
Paco had 13 cookies. He ate 2 of them. Then he bought 36 more cookies How many more cookies did he buy than those he ate?,34
Mary is baking a cake. The recipe calls for 12 cups of flour 14 cups of sugar and 7 cups of salt. She already put in 2 cups of flour. How many more cups of flour than cups of salt does she need to add now?,5
There were 15 roses in the vase. Jessica threw away 33 roses from the vase and cut some more new roses from her flower garden to put in the vase. There are now 17 roses in the vase. How many more roses did she cut than those she threw away?,16
Last week Fred had 49 dollars and Jason had 3 dollars. Fred washed cars over the weekend and now has 112 dollars. Jason delivered newspapers and now has 63 dollars. How much money did Jason earn by delivering newspapers?,57
Jake has 7 fewer peaches than Steven and 9 more peaches than Jill. Steven has 16 peaches. How many peaches does Jake have?,22
46 campers went rowing on a day. 43 campers went rowing in the morning and some more campers went rowing in the afternoon. How many campers went rowing in the afternoon?,3
A book has 2 chapters. The second chapter is 36 pages long. If there are a total of 67 pages in the book How many pages are in the first chapter?,31
Carol was sending out birthday invitations to her friends. Each package of invitations she bought had 3 invitations in it and she bought 2 packs. If she wants to invite 9 friends How many extra invitations will she need to buy?,3
Zachary did 15 push-ups in gym class today. David did 39 more push-ups than Zachary. John did 9 push-ups less than David. How many more push-ups did Zachary do than John?,54
Ed had 2 more marbles than Doug. Doug lost some of his marbles at the playground. Now Ed has 19 more marbles than doug. How many marbles did Doug lose?,15
Paul had 95 pens and 153 books. After selling some books and pens in a garage sale he had 13 books and 23 pens left. How many books did he sell in the garage sale?,120
Danny collects bottle caps. He threw away 54 of the old ones at the park while he found 48 bottle caps new ones. Now he has 52 bottle caps in his collection. How many more bottle caps did danny throw away than those he found at the park?,6
The grasshopper and the frog had a jumping contest. The grasshopper jumped 35 inches. The grasshopper jumped 4 inches farther than the frog. How much did they jump altogether?,74
Paul got a box of 110 crayons for his birthday. During the school year he gave 90 crayons to his friends while he lost 412 crayons. How many more crayons did he lose than those he gave to his friends?,322
In a school there are 569 girls and 236 boys. How many more girls than boys does the school have?,333
The Ferris wheel in paradise park has 6 seats. Each seat can hold 14 people. If there are 16 people on the wheel right now How many more people can join the wheel?,104
After Olivia visited a supermarket there were 29 dollars left. If there were 54 dollars in her wallet initially How much did she spend?,25
Haley grew 20 trees in her backyard. After a typhoon 4 trees were left. How many trees died in the typhoon?,16
Jake has 7 fewer peaches than Steven who has 14 more peaches than Jill. Steven has 15 peaches. How many peaches does Jake have?,5
Paul had 51 books and 106 pens. After selling some books and pens in a garage sale he had 82 books and 14 pens left. How many pens did he sell in the garage sale?,38
Zachary did 44 push-ups and 17 crunches in gym class today. David did 29 more push-ups but 13 less crunches than zachary. How many crunches did David do?,4
Paul had 42 pens and 143 books. After selling some books and pens in a garage sale he had 113 books and 19 pens left. How many pens did he sell in the garage sale?,23
Danny collects bottle caps and wrappers. He found 71 bottle caps and 24 wrappers at the park. Now he has 28 bottle caps and 16 wrappers in his collection. How many more bottle caps than wrappers does danny have now?,12
Dan has $ 4. He bought 99 candy bar for $ 3 each one costing the same amount of money. How much money is left?,1
5 children were riding on the bus. At the bus stop 63 children got off the bus while some more got on the bus. Then there were 14 children altogether on the bus. How many more children got on the bus than those that got off?,68
Mary is baking a cake. The recipe calls for 3 cups of sugar and 10 cups of flour. She already put in some cups of flour. If she still needs 5 more cups of flour than sugar How many cups of flour did she put in?,8
Bobby had 19 pieces of candy. He ate 2 pieces of candy. How many pieces of candy does he still have left?,17
After eating a hearty meal they went to see the Buckingham palace. There, Rachel learned that 705 visitors came to the Buckingham palace that day. If there were 191 visitors the previous day and 457 visitors the day before that How many more visitors visited the Buckingham palace on that day than on the previous 245 days?,1059  Let me explain: The total number of visitors on the previous 2 days is 191 + 457 = 648. So, the number of visitors on that day is 705 - 648 = 157 more than the previous 2 days. So, the number of visitors on that day is 157 + 648 = 805 more than the previous 245 days. 
Paul had 108 books and 55 pens. After selling some books and pens in a garage sale he had 66 books and 59 pens left. How many books did he sell in the garage sale?,42
Marco and his dad went strawberry picking. Marco's dad's strawberries weighed 11 pounds. If together their strawberries weighed 30 pounds. How much did Marco's strawberries weigh?,19
Marco and his dad went strawberry picking. Marco's strawberries weighed 15 pounds. If together their strawberries weighed 37 pounds. How much did his dad's strawberries weigh?,22
Paul got a box of 521 crayons and 66 erasers for his birthday. At the end of the school year he only had 154 left while not having lost a single erasers. How many crayons had been lost or given away?,367
David did 56 more push-ups than Zachary in gym class today. If David did 38 push-ups How many push-ups did Zachary and David do altogether?,94
Danny collects bottle caps and wrappers. He found 10 bottle caps and 62 wrappers at the park. Now he has 27 bottle caps and 43 wrappers in his collection. How many more wrappers than bottle caps does danny have now?,16
4 birds and 3 storks were sitting on the fence. 6 more storks came to join them. How many more storks than birds are sitting on the fence?,11
Jessie weighed 114 kilograms. After she started to go jogging everyday she lost 50 kilograms in the first week and 60 kilograms in the second week. How much does she weigh now?,44
Julia played tag with 14 kids on monday, 2 kids on tuesday and 8 kids on wednesday. How many more kids did she play with on monday than on wednesday?,6
A waiter had 3 customers. After some more arrived he had 8 customers. How many new customers arrived?,5
Jack received 3 emails in the afternoon, 6 emails in the morning and some more in the evening. If he received a total of 10 emails in the day How many emails did jack receive in the evening?,1
The school is planning a field trip. The school has 102 classrooms. There are 11 students in the school and 99 seats on each school bus. If 8 students do n't want to go for the trip How many students are going on the trip?,1000  Let me explain: The school has 102 classrooms with 11 students in each classroom for a total of 102 * 11 = 1122 students. If 8 students do n't want to go for the trip, then 1122 - 8 = 1114 students are going on the trip. If each school bus has 99 seats and 1114 students are going on the trip, then 1114 / 99 = 11 school buses are needed. 
Jesse's room is 11 feet long and 15 feet wide. If she already has 16 square feet of carpet How much more carpet does she need to cover the whole floor?,104
Jake has 6 fewer peaches and 8 more apples than Steven. Steven has 17 peaches and 16 apples. How many more peaches than apples does Steven have?,1
Danny collects bottle caps. He threw away 60 of the old ones at the park while he found 58 bottle caps new ones. Now he has 67 bottle caps in his collection. How many bottle caps did danny have at first?,195
Nell collects baseball cards. She had 573 cards. She gave 195 cards to John and yet some more to Jeff. Now she has 210 cards left. How many cards did Nell give to Jeff?,168
Next on his checklist is wax to stick the feathers together. If he currently has 11 g of wax and the feathers require a total of 492 g of wax How many more grams of wax does he need?,481
Steven has 19 peaches. Jake has 12 fewer peaches than Steven and 72 more peaches than Jill. How many peaches does Jake have?,103
A book has 3 chapters. The first chapter is 91 pages long the second chapter is 23 pages long and the third chapter is 25 pages long. How many more pages does the first chapter have than the second chapter?,68
Danny collects bottle caps. He found 36 bottle caps at the park while he threw away 35 old ones. Now he has 22 bottle caps in his collection. How many more bottle caps did danny find at the park than those he threw away?,1
Dan has $ 4. For a total of $ 3 he bought 10 candy bar each one costing the same amount of money. How much money is left?,1
Mary is baking a cake. The recipe calls for 6 cups of sugar and 9 cups of flour. She already put in 2 cups of flour. How many more cups of flour than cups of sugar does she need to add now?,3
At the zoo, a cage had 95 snakes and 61 alligators. If 64 snakes were hiding How many snakes were not hiding?,31
Baker made 155 cakes. If his friend bought 140 cakes from him How many cakes would baker still have?,15
2 children were riding on the bus. At the bus stop some more children got on the bus. Then there were 10 children altogether on the bus. How many more children are on the bus now than there were before the bus stop?,8
Danny collects bottle caps and wrappers. He found 22 bottle caps and 8 wrappers at the park. Now he has 28 bottle caps and 63 wrappers in his collection. How many bottle caps did danny have at first?,10
Paco ate 36 cookies. If he had 37 cookies initially How many cookies did Paco have left?,1
Bobby had 21 pieces of candy. He ate 5 pieces of candy. Then he ate 9 more. How many pieces of candy does he still have left?,7
Baker made 54 cakes. He sold some of them. If he still has 13 cakes left How many cakes did baker sell?,41
During summer break 819058 kids from Lawrence county go to camp and the other 668278 kids stay home. How many more kids spent their summer break at the camp compared to those who stayed home?,150780
Randy has 79 blocks. He uses 14 blocks to build a tower and 11 blocks to build a house. How many blocks are left?,54
2 birds were sitting on the fence. Some more birds came to join them. If there are a total of 6 birds on the fence now How many more birds had come to sit on the fence?,4
Jesse's room is 12 feet long and 11 feet wide. How much longer is her room than it is wide?,1
There are 16 different books and 14 different movies in the ' crazy silly school ' series. If you read 19 of the books and watched 13 of the movies How many more books than movies are there in the ' crazy silly school ' series?,2
Jerry had 2 action figures and 10 books on a shelf in his room. Later he added 4 more action figures to the shelf. How many more books than action figures were on his shelf?,8
Mary is baking a cake. The recipe calls for 5 cups of sugar and 13 cups of flour. She already put in some cups of flour. If she still needs 12 more cups of flour How many cups of flour did she put in?,1
Paul had 134 books. After giving 39 books to his friend and selling some books in a garage sale he had 68 books left. How many books did he sell in the garage sale?,37
Paco had 97 salty cookies and 34 sweet cookies. He ate 15 sweet cookies and 56 salty cookies. How many sweet cookies did Paco have left?,19
Julia played tag with 15 kids on monday, 18 kids on tuesday and 7 kids on wednesday. How many more kids did she play with on monday and tuesday than on wednesday?,40
Baker made 133 cakes. If he sold 51 of them How many more cakes did baker make than those he sold?,82
Olivia spent 38 dollars at a supermarket. If there were 128 dollars in her wallet initially How much money does she have left?,90
Baker sold 44 cakes. If he had made 48 cakes initially How many cakes would baker still have?,4
Rachel had to complete 8 pages of math homework. If she had to complete 3 more pages of math homework than reading homework How many pages did she have to complete in all?,14
Dan has $ 5. He bought a chocolate for $ 3 and a candy bar for $ 7. How much money did he spend to buy candy bar than he did to buy chocolate?,4
Jessie weighed 92 kilograms. After she started to go jogging everyday she lost 56 kilograms in the first week and 99 kilograms in the second week. How much did she weigh after the first week of jogging?,36
The grasshopper, the frog and the mouse had a jumping contest. The grasshopper jumped 25 inches. The frog jumped 32 inches farther than the grasshopper and the mouse jumped 26 inches lesser than the frog. How far did the mouse jump?,111
Carol was sending out birthday invitations to her friends. Each package of invitations she bought had 10 invitations in it and she bought 7 packs. If she sends invitations to only 2 friends How many invitations will be left?,28  Let me explain: She bought 7 packs of invitations so she has 7 * 10 = 70 invitations. She sent invitations to 2 friends so she has 70 - 2 = 68 invitations left. 
Rachel's tree had 4 apples initially. She picked some apples and now there are 2 apples left on the tree. How many apples did rachel pick?,2
The Razorback shop makes $ 115 dollars off each jersey and $ 25 off each t-shirt. During the Arkansas and Texas tech game they sold 113 t-shirts and 78 jerseys. How much more does a jersey cost than a t-shirt?,90
Bobby had 22 pieces of candy. He ate some pieces of candy. Then he ate 5 more. If he still has 8 pieces of candy left How many pieces of candy had he eaten at the start?,11
Baker made 126 cakes and 48 pastries. If he sold 115 cakes and 81 pastries How many more cakes than pastries did baker make?,78
At the arcade Dave had won 19 tickets. If he used 12 to buy some toys and 7 more to buy some clothes How many more tickets did Dave use to buy toys than he did to buy clothes?,5
Paul got a box of 440 crayons for his birthday. During the school year he gave 111 crayons to his friends while he lost 106 crayons. How many crayons did he have left?,223
Some campers went rowing in the morning while 7 campers went rowing in the afternoon. If a total of 60 campers went rowing that day How many campers went rowing in the morning?,53
Jerry had 7 books and 3 action figures on a shelf in his room. Later he added 2 more action figures to the shelf. How many more books than action figures were on his shelf?,4
Katie had 57 new games and 39 old games. Her friends had 34 new games. How many more games does Katie have than her friends?,46
Jake brought 6 balloons to the park. If Jake brought 4 more balloons than the number of balloons that Allan brought How many balloons did Allan bring to the park?,2
At the arcade Dave had won 14 tickets and lost 2 tickets. If he used 10 to buy some toys How many tickets did Dave have left?,2
Edward had $ 18. He spent $ 16. How much money does Edward have now?,2
For Gwen's birthday she received 5 dollars from her dad. Her mom gave her 2 more dollars. If she spent 6 dollars. How much more money did she receive from her dad than she did from her mom?,3
Baker made 14 cakes and 153 pastries. If he sold 8 pastries and 97 cakes How many more cakes than pastries did baker sell?,89
After a typhoon, 2 trees in Haley's backyard died. If she had grown 12 trees initially How many trees does she have left?,10
Paco had 8 sweet cookies and 6 salty cookies. He ate 20 sweet cookies and 34 salty cookies. How many more salty cookies than sweet cookies did he eat?,14
A grocery store had 79 bottles of regular soda, 53 bottles of diet soda and 42 apples. How many more bottles of regular soda than diet soda did they have?,26
Jake has 84 more apples and 10 fewer peaches than Steven. Steven has 13 peaches and 52 apples. How many peaches does Jake have?,103
Rachel had to complete 7 pages of math homework, 11 pages of reading homework and 8 more pages of biology homework. How many more pages of reading homework than biology homework did she have?,3
The cave is 1218 feet deep and they are already at 849 feet. If they are travelling at speed of 17 How much farther until they reach the end of the cave?,369
Bobby had 32 pieces of candy. He ate some pieces of candy. If he has 20 pieces of candy left How many pieces of candy did Bobby eat?,12
Baker sold 8 cakes. If he had made 40 cakes initially How many more cakes did baker make than those he sold?,32
After eating a hearty meal they went to see the Buckingham palace. There, Rachel learned that 100 visitors came to the Buckingham palace on the previous day. If there were 666 visitors on that day How many more visitors visited the Buckingham palace on that day than on the previous day?,566
Mary is baking a cake. The recipe calls for 9 cups of flour and 11 cups of sugar. She already put in 4 cups of flour. How many more cups of sugar than cups of flour does she need to add now?,7
Jake has 6 fewer peaches than Steven. Steven has 18 more peaches than Jill. If jill has 5 peaches How many peaches does Jake have?,11
Allan brought 6 balloons and Jake brought 2 balloons to the park. Jake then bought 3 more balloons at the park. How many more balloons did Allan have than Jake in the park?,4
Ed had 12 more marbles than Doug. Ed lost 20 of his marbles at the playground. If Ed had 17 marbles How many marbles does Doug have now?,15
Lawrence county has 313473 kids. During summer break 274865 kids stay home and the rest go to camp. How many kids go to the camp during the break?,38608
The Razorback shop makes $ 210 dollars off each jersey and $ 240 off each t-shirt. During the Arkansas and Texas tech game they sold 177 t-shirts and 23 jerseys. How much more does a t-shirt cost than a jersey?,30
Baker made 54 cakes and 143 pastries. If he sold 68 cakes and 92 pastries How many more pastries than cakes did baker sell?,24
Bobby ate 23 pieces of candy. If he initially had 30 pieces of candy How many pieces of candy does he still have left?,7
The grasshopper, the frog and the mouse had a jumping contest. The grasshopper jumped 19 inches. The grasshopper jumped 4 inches farther than the frog and the mouse jumped 44 inches lesser than the frog. How far did the frog jump?,15
Danny collects bottle caps and wrappers. He found 15 bottle caps and 18 wrappers at the park. Now he has 67 wrappers and 35 bottle caps in his collection. How many more wrappers than bottle caps does danny have now?,32
Robin's hair was 17 inches long. He cut off some inches of her hair. If his hair is now 13 inches long How much of his hair did he cut?,4
Baker made 56 pastries and 124 cakes. If he sold 104 cakes and 29 pastries How many pastries would baker still have?,27
3 birds were sitting on the fence. 2 more birds and 6 more storks came to join them. How many more storks than birds are sitting on the fence?,3
The Razorback shop makes $ 86 dollars off each t-shirt and $ 232 off each jersey. During the Arkansas and Texas tech game they sold 254 t-shirts and 43 jerseys. How much more does a jersey cost than a t-shirt?,146
Danny collects bottle caps and wrappers. He found 66 wrappers and 39 bottle caps at the park. Now he has 16 bottle caps and 68 wrappers in his collection. How many wrappers did danny have at first?,104
Haley grew 14 trees in her backyard. After a typhoon 9 died. How many more trees died in the typhoon than those that survived?,5
Dave had 11 apps and 3 files on his phone. After deleting some apps and files he had 24 files and 2 apps left. How many more files than apps does he have left on the phone?,22
Jack received 10 emails in the morning, 7 emails in the afternoon and 17 emails in the evening. How many more emails did Jack receive in the morning than in the afternoon?,3
Lucy went to the grocery store. She bought 10 packs of cookie and 4 packs of cake. How many more packs of cookie did she buy over cake?,6
Every day Ryan spends 6 hours on learning english and 2 hours on learning chinese. How many more hours does he spend on learning english than he does on learning chinese?,4
David did 40 more push-ups but 17 less crunches than Zachary in gym class today. If Zachary did 34 push-ups and 62 crunches How many crunches did David do?,45
The grasshopper and the frog had a jumping contest. The frog jumped 39 inches and the grasshopper jumped 17 inches. How much farther did the frog jump than the grasshopper?,22
Paul had 50 books. After buying some in a garage sale he had 151 left. How many books did he buy?,101
If they are already at 659 feet and the cave is 762 feet deep How much farther until they reach the end of the cave?,103
Jerry had 4 action figures on a shelf in his room. Later he added some more action figures to the shelf. If there are a total of 8 action figures on his shelf now How many action figures did he add to the shelf?,4
Jack received a total of 9 emails in the day. If he received 7 emails in the morning and some more in the afternoon How many emails did Jack receive in the afternoon?,2
A grocery store had 19 bottles of diet soda and 60 bottles of regular soda. How many more bottles of regular soda than diet soda did they have?,41
A book has 3 chapters. The first chapter is 35 pages long the second chapter is 18 pages long and the third chapter is 3 pages long. How many more pages does the second chapter have than the third chapter?,15
Randy has 97 blocks. He uses some blocks to build a tower. If there are 72 blocks left How many blocks did he use to build the tower?,25
A waiter had 13 customers. After some left he got 4 new customers. If he still had 9 customers How many customers left?,4
Every day Ryan spends 3 hours on learning english and some more hours on learning chinese. If he spends a total of 4 hours on learning english and chinese everyday How many hours does he spend on learning chinese?,1
A book has 2 chapters across 81 pages. The second chapter is 68 pages long. How many pages are in the second chapter?,13
Baker made 52 pastries and 84 cakes. If he sold 102 cakes and 94 pastries How many more cakes than pastries did baker make?,32
Jessie weighed 71 kilograms. After she started to go jogging everyday she lost 20 kilograms. How much does she weigh now?,51
Lawrence county has 898051 kids. During summer break 629424 kids go to camp and the rest stay home. How many kids stay home?,268627
Dave had 17 apps and 21 files on his phone. After deleting some apps and files he had 3 apps and 7 files left. How many files did he delete?,14
Nell collects baseball cards. She had 242 cards. She gave 136 of her cards to Jeff. How many cards does Nell have left?,106
There were 13 roses in the vase. Jessica cut some more roses from her flower garden which had a total of 12 roses. There are now 21 roses in the vase. How many roses are left in the garden?,11
Jerry had some action figures on a shelf in his room. Later he added 2 more action figures to the shelf and removed 7 of the old ones. If there are 10 action figures on his shelf now How many action figures did he have initially on the shelf?,19
A book has 2 chapters across 23 pages. The first chapter is 10 pages long. How many pages are in the first chapter?,13
Paul had 21 books. After selling some in a garage sale he bought 42 new ones. If he has 15 books now How many more books did he sell than he bought?,11
Allan and Jake brought 3 balloons to the park. If Allan brought 2 balloons How many balloons did Jake bring to the park?,1
After finding some bottle caps at the park danny has 32 bottle caps in his collection. If he had 25 bottle caps in his collection earlier How many bottle caps did he find at the park?,7
Winter is almost here and most animals are migrating to warmer countries. There are 41 bird families living near the mountain. If 35 bird families flew away to asia and 62 bird families flew away to africa How many more bird families flew away to africa than those that flew away to asia?,27
Rachel had to complete 5 pages of math homework and yet more pages of reading homework. If she had to complete a total of 7 pages of homework How many pages of reading homework did she have to complete?,2
There were 6 roses and 20 orchids in the vase. Jessica cut some more roses and orchids from her flower garden. There are now 21 orchids and 22 roses in the vase. How many more roses than orchids are there in the vase now?,1
There were 8 people on the bus. At the next stop 12 more people got on the bus and 3 people got off. How many people are there on the bus now?,21
Dave had 15 apps and 24 files on his phone. After deleting some apps and files he had 21 apps and 4 files left. How many more apps than files does he have left on the phone?,17
Mary is baking a cake. The recipe calls for 11 cups of sugar 6 cups of flour and 9 cups of salt. She already put in 12 cups of flour. How many more cups of sugar than cups of salt does she need to add now?,2
Dan has $ 7. He bought a candy bar for $ 2 and a chocolate for $ 3. How much money is left?,2
During summer break 61619 kids from Lawrence county stayed home and the rest went to camp. The total number of kids in Lawrence county is 91676. About how many kids in Lawrence county went to camp?,25057
Josh had 7 marbles in his collection. He lost 8 marbles and found 10 new ones. How many more marbles did he find than those he lost?,2
Nell collects cards. She had 239 baseball cards and 38 Ace cards. She gave some of her cards to Jeff and now has 376 Ace cards and 111 baseball cards left. How many more Ace cards than baseball cards does Nell have?,265
In a school there are 362 boys and 257 girls. 403 more girls joined the school. How many more girls than boys does the school have?,1018
Julia played tag with 16 kids on monday. If she played tag with 12 more kids on monday than on tuesday How many kids did she play with on tuesday?,4
He then went to see the oranges being harvested. He found out that they harvest 41 sacks of unripe oranges and 86 sacks of ripe oranges per day. How many more sacks of ripe oranges than unripe oranges are harvested per day?,45
Allan brought 5 balloons. If Allan and Jake brought total of 6 balloons to the park How many balloons did Jake bring to the park?,1
Paco had 37 sweet cookies and 11 salty cookies. He ate 5 sweet cookies and 2 salty cookies. How many more sweet cookies than salty cookies did he eat?,3
Paul got a box of 267 crayons for his birthday. During the school year he lost 231 crayons while he gave away 308 crayons to his friends. How many more crayons did he give to his friends than those he lost?,77
Rebecca wants to split a collection of eggs into groups of 5. Rebecca has 20 eggs and 6 marbles. How many more eggs does Rebecca have than marbles?,14
Paige raised 15 goldfish in the pond but stray cats loved eating them. 5 were eaten. How many goldfish remained?,10
Dave had 19 apps on his phone. He deleted 5 apps. How many apps are left on his phone?,14
Mary is baking a cake. The recipe calls for 9 cups of sugar 14 cups of flour and 40 cups of salt. She already put in 4 cups of flour. How many more cups of flour than cups of sugar does she need to add now?,5
Jack received 10 emails and 12 letters in the morning. He then received 3 emails and 44 letters in the afternoon. How many more emails did Jack receive in the morning than in the afternoon?,7
David did 27 more push-ups but 7 less crunches than Zachary in gym class today. If Zachary did 5 push-ups and 17 crunches How many more crunches than push-ups did Zachary do?,12
There were 106 dollars in Olivia's wallet. After she visited a supermarket and a showroom there were 26 dollars left. If she spent 49 dollars at the showroom How much did she spend at the supermarket?,31
The grasshopper, the frog and the mouse had a jumping contest. The grasshopper jumped 24 inches. The frog jumped 33 inches farther than the grasshopper and the mouse jumped 5 inches lesser than the frog. How much farther did the mouse jump than the grasshopper?,52
Some children were riding on the bus. At the bus stop 2 more children got on the bus. Then there were 41 children altogether on the bus. How many children were riding on the bus before the bus stop?,39
Allan brought 5 balloons and Jake brought 3 balloons to the park. How many more balloons did Allan have than Jake in the park?,2
Winter is almost here and most animals are migrating to warmer countries. There are 8 bird families living near the mountain. If 42 bird families flew away to africa and 31 bird families flew away to asia How many more bird families flew away to africa than those that flew away to asia?,11
Zachary did 46 push-ups and 58 crunches in gym class today. David did 38 more push-ups but 62 less crunches than zachary. How many more crunches than push-ups did Zachary do?,12
For Gwen's birthday she received 3 dollars from her mom. Her dad gave her 6 more dollars. If she spent 4 dollars. How much more money did she receive from her dad than she did from her mom?,3
Baker made 61 pastries and 167 cakes. If he sold 108 cakes and 44 pastries How many cakes would baker still have?,59
There are 11 different books and 17 different movies in the ' crazy silly school ' series. If you read 7 of the books and watched 21 of the movies How many more movies than books have you read?,14
Ed had 6 more marbles than Doug. Doug lost 7 of his marbles at the playground. If Ed had 22 marbles How many marbles does Doug have now?,11
Dan has $ 2. He bought a candy bar for $ 6 and a chocolate for $ 3. How much money did he spend to buy candy bar than he did to buy chocolate?,3
A waiter had 3 customers. After some left he still had 4 customers. How many more customers stayed behind than those that left?,1
Jackie has 10 apples. Adam has 8 apples. How many more apples does Jackie have than Adam?,2
Baker made 19 cakes and 131 pastries. If he sold 70 cakes and 88 pastries How many more pastries than cakes did baker make?,52
For Gwen's birthday she received 7 dollars. She spent some money and has 5 dollars left with her. How much money did she spend?,2
Winter is almost here and most animals are migrating to warmer countries. 27 bird families flew away for the winter from near a mountain. If there were 41 bird families living near the mountain initially How many bird families were left near the mountain?,14
Jake has 16 fewer peaches than Steven. Steven has 15 more peaches than Jill. If Jill has 12 peaches How many more peaches does Jill have than Jake?,28
A book has 2 chapters. The first chapter is 60 pages long. If there are a total of 93 pages in the book How many pages are in the second chapter?,33
Julia played tag with some kids on monday. She played tag with 14 kids on tuesday. If she played with a total of 16 kids How many kids did she play with on monday?,2
Baker's friend bought 137 cakes from him. If he had made 169 cakes initially How many cakes would baker still have?,32
Jerry had 5 action figures and 9 books on a shelf in his room. Later he added 7 more action figures to the shelf. How many more action figures than books were on his shelf?,12
Kelly has 80 nintendo games. She found 31 more nintendo games. How many does she need to give away so that she will have 6 games left?,105
There are 4 different books and 17 different movies in the ' crazy silly school ' series. If you read 19 of the books and watched 7 of the movies How many more movies do you still have to watch?,10
He then went to see the oranges being harvested. He found out that they harvest 5 sacks of ripe oranges and 74 sacks of unripe oranges per day. How many more sacks of unripe oranges than ripe oranges are harvested per day?,69
17 red peaches and 16 green peaches are in the basket. How many more red peaches than green peaches are in the basket?,1
During summer break 202958 kids from Lawrence county go to camp and the other 777622 kids stay home. How many more kids stayed home compared to those who went to the camp?,574664
6 birds and 3 storks were sitting on the fence. 2 more storks came to join them. How many more birds than storks are sitting on the fence?,3
There are 22 different books and 10 different movies in the ' crazy silly school ' series. If you read 12 of the books and watched 56 of the movies How many more books do you still have to read?,10
Because of the decision Sofia asked 288 students to suggest specific types of food. 264 students suggested adding bacon while others suggested adding mashed potatoes to the menu. How many students suggested mashed potatoes?,24
Winter is almost here and most animals are migrating to warmer countries. There are 85 bird families living near the mountain. If 23 bird families flew away to africa and 37 bird families flew away to asia How many bird families were left near the mountain?,25
Dan has $ 4. He bought a chocolate for $ 7 and a candy bar for $ 2. How much money did he spend to buy chocolate than he did to buy candy bar?,5
At the arcade Dave had won 18 tickets. If he used 5 to buy some toys and 11 more to buy some clothes How many tickets did Dave have left?,2
There were 21 roses in the vase. Jessica threw away 34 roses from the vase and cut some more new roses from her flower garden to put in the vase. There are now 15 roses in the vase. How many more roses did she throw away than those she cut from her garden?,19
Allan brought 2 balloons and Jake brought 6 balloons to the park. Allan then bought 3 more balloons at the park. How many more balloons did Jake have than Allan in the park?,4
After a typhoon, 2 trees in Haley's backyard died. If she had grown 11 trees initially How many more trees survived the typhoon than those that died?,9
David did 30 more push-ups than Zachary in gym class today. If David did 37 push-ups How many push-ups did Zachary do?,7
Marco and his dad went strawberry picking. Marco's strawberries weighed 30 pounds. If together their strawberries weighed 47 pounds. How much more did his strawberries weigh than his dad's?,17
Debby bought 264 water bottles when they were on sale. If she drank 15 bottles a day for 11 days. How many bottles does she have left?,104
33 campers went rowing in the morning 34 campers went rowing in the afternoon and 10 campers went rowing in the evening. How many more campers went rowing in the afternoon than in the evening?,24
Baker made 7 cakes and 148 pastries. If he sold 15 cakes and 103 pastries How many pastries would baker still have?,45
Robin cut off 13 inches of his hair. If his hair was 14 inches long initially How long is his hair now?,1
Last week Fred had 60 dollars and Jason had 19 dollars. Jason washed cars over the weekend and now has 33 dollars. How much money did Jason make washing cars?,14
Paul sold some books in a garage sale leaving him with 27 books. If he had 136 books initially How many books did he sell?,109
Next on his checklist is wax to stick the feathers together. If the feathers require 166 g of wax and right now he has 20 g How many more grams of wax does he need?,146
The grasshopper and the frog had a jumping contest. The grasshopper jumped 9 inches and the frog jumped 12 inches. How much farther did the frog jump than the grasshopper?,3
Steven has 18 peaches. Jake has 12 fewer peaches than Steven who has 8 more peaches than Jill. How many peaches does Jill have?,4
Ed had 30 more marbles than Doug. Ed lost 21 of his marbles at the playground. If Ed had 91 marbles How many more marbles did Ed have than Doug then?,10
A farmer had 105 green tomatoes and 71 red tomatoes in his garden. If he picked 137 tomatoes How many tomatoes are left?,143
Lewis earns $ 21 every week during the 216 weeks of harvest. If he has to pay $ 702 tax How much money will have at the end of the harvest season?,3062
Nell collects baseball cards. She had 566 cards while Jeff had 234 cards. She gave some of her cards to Jeff and now has 535 cards left. How many cards does Jeff have now?,301
Matthew had 31 crackers. He has 23 crackers left after he gave equal numbers of crackers to his 5 friends. How many crackers did Matthew give to his friends?,14
Marco and his dad went strawberry picking. Marco's strawberries weighed 10 pounds. If together their strawberries weighed 26 pounds. How much more did his dad's strawberries weigh than his?,16
Rachel picked 4 apples from her tree. If the tree had 7 apples initially. How many apples are still there on the tree?,3
After making some pies, chef had 2 apples left. Initially he had 43 apples How many apples did he use?,41
There were 53 dollars in Olivia's wallet. She collected 91 more dollars from an atm. After she visited a supermarket there were 14 dollars left. How much more money did she spend at the supermarket than she collected at the atm?,16
Julia played tag with 5 kids on monday. She played tag with some more kids on tuesday. If she played with a total of 15 kids How many kids did she play with on tuesday?,10
Danny collects bottle caps. He threw away 6 of the old ones at the park while he found 50 bottle caps new ones. Now he has 60 bottle caps in his collection. How many more bottle caps did danny find at the park than those he threw away?,44
Paco had 36 cookies. He gave 14 cookies to his friend and ate 10 cookies. How many cookies did Paco have left?,12
They decided to hold the party in their backyard. If they have 5 sets of tables and each set has 10 chairs How many more chairs than tables do they have?,50
A farmer had 177 tomatoes and 12 potatoes in his garden. If he picked 53 tomatoes How many tomatoes and potatoes does he have left?,132
7 red peaches, 71 yellow peaches and 8 green peaches are in the basket. How many more green peaches than red peaches are in the basket?,1
52 campers went rowing in the morning. 61 campers went rowing in the afternoon. How many more campers went rowing in the afternoon than in the morning?,9
There were 13 roses and 84 orchids in the vase. Jessica cut some more roses and orchids from her flower garden. There are now 91 orchids and 14 roses in the vase. How many roses did she cut?,11
There are 17 different movies and 11 different books in the ' crazy silly school ' series. If you read 13 of the books and watched 63 of the movies How many more movies than books are there in the ' crazy silly school ' series?,Failed to get answer
Randy uses 36 blocks to build a tower. If he had 59 blocks How many blocks are left?,23
Marco and his dad went strawberry picking. Together their strawberries weighed 20 pounds. His dad's strawberries weighed 17 pounds. How much did marco's strawberries weigh?,3
Stray cats loved eating goldfish in the pond leaving 6 goldfish. Paige had raised 8 goldfish in the pond initially. How many goldfish disappeared?,2
Danny collects bottle caps and wrappers. He found 58 bottle caps and 25 wrappers at the park. Now he has 11 wrappers and 12 bottle caps in his collection. How many more bottle caps than wrappers does danny have now?,1
Mary is baking a cake. The recipe calls for 9 cups of flour and 6 cups of sugar. She already put in 4 cups of sugar. How many more cups of flour than cups of sugar does she need to add now?,5
Paco had 9 sweet cookies and 6 salty cookies. He ate 36 sweet cookies and 3 salty cookies. How many salty cookies did Paco have left?,3
Baker made 157 cakes and 169 pastries. If he sold 158 cakes and 147 pastries How many more cakes than pastries did baker sell?,11
In a school there are 868 girls and the rest are boys. If there are 281 more girls than boys How many pupils are there in that school?,1429
David did 51 push-ups in gym class today. David did 49 more push-ups than Zachary. How many push-ups did Zachary and David do altogether?,100
Winter is almost here and most animals are migrating to warmer countries. There were 87 bird families living near the mountain. If 7 bird families flew away for winter How many more bird families stayed behind than those that flew away for the winter?,80
A school has 485 pupils. There are 232 girls and the rest are boys. How many boys are there in that school?,253
Baker made 134 pastries and 11 cakes. If he sold 140 cakes and 92 pastries How many more pastries than cakes did baker make?,42
Nell collects baseball cards. She had 528 cards while Jeff had 11 cards. She gave some of her cards to jeff and now has 252 cards left. How many cards did Nell give to Jeff?,135
Dave had 24 apps and 9 files on his phone. After deleting some apps and files he had 5 files and 12 apps left. How many more apps than files does he have left on the phone?,7
44 campers went rowing in the morning 39 campers went rowing in the afternoon and 31 campers went rowing in the evening. How many more campers went rowing in the morning than in the afternoon?,5
Jesse has 18 square feet of carpet. If her room is 4 feet long and 20 feet wide How much more carpet does she need to cover the whole floor?,102
Nell collects cards. She had 438 baseball cards and 18 Ace cards. She gave some of her cards to Jeff and now has 55 Ace cards and 178 baseball cards left. How many more baseball cards than Ace cards does Nell have?,123
Matthew had 24 crackers. If Matthew gave equal numbers of crackers to his 3 friends and still had 17 crackers left How many crackers did Matthew give to his friends?,10
They decided to hold the party in their backyard. They have 10 sets of tables and each set has 6 chairs. If there are 11 people sitting on chairs How many chairs are left unoccupied?,40  Let me explain: There are 10 sets of tables * 6 chairs / set = 60 chairs. There are 60 chairs - 11 people sitting = 49 chairs left unoccupied. 
He then went to see the oranges being harvested. He found out that they harvest 44 sacks of ripe oranges and 25 sacks of unripe oranges per day. How many more sacks of ripe oranges than unripe oranges are harvested per day?,19
Paul had 2 books. After selling some in a garage sale he bought 150 new ones. If he has 58 books now How many books did he sell?,90
6 storks and 2 birds were sitting on the fence. 3 more birds came to join them. How many more storks than birds are sitting on the fence?,4
Paul got a box of 531 crayons and 38 erasers for his birthday. At the end of the school year he only had 391 left while not having lost a single erasers. How many more crayons than erasers did he have left?,493
Dave had 10 apps on his phone. He added 11 new apps. After deleting some he had 4 left. How many apps did he delete?,15
There were 5 roses and 3 orchids in the vase. Jessica cut some more roses and orchids from her flower garden. There are now 12 roses and 2 orchids in the vase. How many more roses than orchids are there in the vase now?,10
There are 14 different movies and 15 different books in the ' crazy silly school ' series. If you read 11 of the books and watched 40 of the movies How many more books than movies are there in the ' crazy silly school ' series?,1
Randy has 86 blocks. He uses 79 blocks to build a tower and 82 blocks to build a house. How many more blocks did he use to build the house than he did to build the tower?,3
Last week Fred had 78 dollars and Jason had 31 dollars. Jason delivered newspapers and now has 57 dollars. Fred washed cars over the weekend and now has 90 dollars. How much money did Jason earn by delivering newspapers?,26
Josh had 15 marbles in his collection. He found 9 marbles while he lost 23 marbles. How many more marbles did he lose than those he found?,14
Jack received 4 emails in the morning and some more in the afternoon. If he received a total of 5 emails in the day How many emails did Jack receive in the afternoon?,1
There were some roses in the vase. Jessica cut 16 more roses from her flower garden and put them in the vase. There are now 23 roses in the vase. How many roses were there in the vase at the beginning?,7
After eating a hearty meal they went to see the Buckingham palace. There, Rachel learned that 132 visitors came to the Buckingham palace that day. If 406 people visited the Buckingham palace within the past 327 days How many visitors visited the Buckingham palace on the previous day?,100
29 campers went rowing and 66 campers went hiking in the morning. 26 campers went rowing in the afternoon. How many more campers went rowing in the morning than in the afternoon?,3
Dave had 17 apps on his phone. After adding some he had 18 left. How many apps did he add?,1
There were 174 parents in the program and 521 pupils too. How many more pupils were present compared to parents in the program?,347
The grasshopper, the frog and the mouse had a jumping contest. The grasshopper jumped 39 inches. The grasshopper jumped 19 inches farther than the frog and the mouse jumped 12 inches lesser than the frog. How far did the mouse jump?,18
After eating a hearty meal they went to see the Buckingham palace. There, Rachel learned that 45 visitors came to the Buckingham palace on the previous day. If 829 people visited the Buckingham palace within the past 85 days How many visitors visited the Buckingham palace on that day?,334
Adam has 9 apples. Jackie has 10 apples. How many more apples does Jackie have than Adam?,1
There are 2 baskets of peaches. Each basket has 4 red peaches and some more green peaches. If there are a total of 12 peaches in all baskets How many green peaches are in each basket?,2
A chef had 40 apples and 54 peaches. After making some pies, he had 39 apples left. How many apples did he use?,1
Mary is baking a cake. The recipe calls for 10 cups of flour 2 cups of sugar and 80 cups of salt. She already put in 7 cups of flour. How many more cups of flour than cups of sugar does she need to add now?,8
A book has 3 chapters. The first chapter is 53 pages long the second chapter is 75 pages long and the third chapter is 21 pages long. How many more pages does the first chapter have than the third chapter?,32
Dave had 21 apps on his phone. He added 89 new apps. After deleting some he had 24 left. How many more apps did he add than he deleted?,65
Bobby ate 17 pieces of candy. Then he ate 15 more. If he initially had 36 pieces of candy How many pieces of candy does he still have left?,3
David did 36 more push-ups but 33 less crunches than Zachary in gym class today. If Zachary did 58 push-ups and 33 crunches How many more push-ups than crunches did Zachary do?,25
Rebecca wants to split a collection of eggs into groups of 20. Rebecca has 5 marbles and 12 eggs. How many more eggs does Rebecca have than marbles?,Failed to get answer
Baker made 81 cakes. Then he made 92 more cakes. He sold 46 of them. How many more cakes did baker make than those he sold?,127
10 red peaches and some more green peaches are in the basket. If there are a total of 15 peaches in the basket How many green peaches are in the basket?,5
62 campers went rowing in the morning. 39 campers went rowing in the afternoon. How many more campers went rowing in the morning than in the afternoon?,23
Rachel had to complete 11 pages of math homework, 2 pages of reading homework and 3 more pages of biology homework. How many more pages of math homework than biology homework did she have?,8
Adam has 3 more apples than jackie. Adam has 9 apples. How many apples does Jackie have?,6
Rachel had to complete 4 pages of reading homework, 7 pages of math homework and 19 more pages of biology homework. How many more pages of math homework than reading homework did she have?,3
Friends of Katie had 57 games and she had 63 ds games. How many more games does Katie have than her friends?,6
Next on his checklist is wax to stick the feathers together and colors to paint them. He needs a total of 57 g of colors to paint them. He needs 22 g of wax more. If the feathers require a total of 353 g of wax How many grams of wax does he already have?,331
At the zoo, a cage had 3 snakes and 75 alligators. If 82 snakes and 19 alligators were hiding How many alligators were not hiding?,56
Mary is baking a cake. The recipe calls for 7 cups of sugar and 10 cups of flour. She already put in 4 cups of sugar. How many more cups of sugar does she need to add?,3
The grasshopper and the frog had a jumping contest. The grasshopper jumped 13 inches. The grasshopper jumped 2 inches farther than the grasshopper. How far did the frog jump?,11
